origine+AF8-id,destinazione+AF8-id,origine+AF8-capoluogo,destinazione+AF8-capoluogo,distanza+AF8-km+AF8-linea+AF8-aria
94,2,Torino,Alessandria,75.1
94,7,Torino,Asti,45
94,14,Torino,Biella,62
94,31,Torino,Cuneo,77.1
94,61,Torino,Novara,84.3
94,102,Torino,Verbania,116.2
94,103,Torino,Vercelli,63.9
94,4,Torino,Aosta,79.5
94,57,Torino,Milano,125.5
94,13,Torino,Bergamo,170.4
94,17,Torino,Brescia,204.3
94,27,Torino,Como,136.5
94,29,Torino,Cremona,183.5
94,48,Torino,Lecco,159.5
94,50,Torino,Lodi,144.8
94,53,Torino,Mantova,243.8
94,59,Torino,Monza,136.6
94,67,Torino,Pavia,116.1
94,90,Torino,Sondrio,209.8
94,100,Torino,Varese,121.8
94,16,Torino,Bolzano,325.7
94,96,Torino,Trento,289.7
94,101,Torino,Venezia,364.6
94,11,Torino,Belluno,371.9
94,64,Torino,Padova,330.1
94,84,Torino,Rovigo,322.2
94,97,Torino,Treviso,362
94,104,Torino,Verona,261.9
94,106,Torino,Vicenza,305.5
94,98,Torino,Trieste,480
94,40,Torino,Gorizia,472.4
94,74,Torino,Pordenone,399.8
94,99,Torino,Udine,445.8
94,39,Torino,Genova,123.9
94,42,Torino,Imperia,134.2
94,45,Torino,La Spezia,200.6
94,87,Torino,Savona,105.2
94,15,Torino,Bologna,295.5
94,34,Torino,Ferrara,310.5
94,37,Torino,Forli,357
94,58,Torino,Modena,259.5
94,66,Torino,Parma,210
94,71,Torino,Piacenza,157.6
94,78,Torino,Ravenna,363.9
94,80,Torino,Reggio Emilia,235.5
94,82,Torino,Rimini,402.4
94,35,Torino,Firenze,318.2
94,5,Torino,Arezzo,378.6
94,41,Torino,Grosseto,375.5
94,49,Torino,Livorno,268.7
94,51,Torino,Lucca,262.2
94,54,Torino,Massa,225.8
94,72,Torino,Pisa,262.6
94,73,Torino,Pistoia,285.1
94,76,Torino,Prato,301.7
94,88,Torino,Siena,349.7
94,68,Torino,Perugia,434.2
94,93,Torino,Terni,485.4
94,3,Torino,Ancona,491
94,6,Torino,Ascoli Piceno,531.6
94,33,Torino,Fermo,526.1
94,52,Torino,Macerata,500.1
94,69,Torino,Pesaro,434.2
94,83,Torino,Roma,523.9
94,38,Torino,Frosinone,595.8
94,46,Torino,Latina,581.9
94,81,Torino,Rieti,510.1
94,107,Torino,Viterbo,461.3
94,44,Torino,L'Aquila,549.6
94,26,Torino,Chieti,602
94,70,Torino,Pescara,598.9
94,92,Torino,Teramo,551.2
94,21,Torino,Campobasso,685.8
94,43,Torino,Isernia,655.1
94,60,Torino,Napoli,711.5
94,8,Torino,Avellino,739.3
94,12,Torino,Benevento,723.3
94,23,Torino,Caserta,698.9
94,85,Torino,Salerno,755.1
94,9,Torino,Bari,864.9
94,10,Torino,Barletta,810.5
94,18,Torino,Brindisi,969.6
94,36,Torino,Foggia,751.6
94,47,Torino,Lecce,1003.6
94,91,Torino,Taranto,932.5
94,75,Torino,Potenza,824.3
94,55,Torino,Matera,875.5
94,25,Torino,Catanzaro,1004
94,28,Torino,Cosenza,953
94,30,Torino,Crotone,1023.8
94,79,Torino,Reggio Calabria,1017.3
94,105,Torino,Vibo Valentia,994.4
94,65,Torino,Palermo,905.4
94,1,Torino,Agrigento,993
94,20,Torino,Caltanissetta,996.4
94,24,Torino,Catania,1042.5
94,32,Torino,Enna,998.8
94,56,Torino,Messina,1005.1
94,77,Torino,Ragusa,1080.2
94,89,Torino,Siracusa,1092.6
94,95,Torino,Trapani,881.6
94,19,Torino,Cagliari,660.7
94,62,Torino,Nuoro,545
94,63,Torino,Oristano,578.9
94,86,Torino,Sassari,488.2
94,22,Torino,Carbonia,660
2,7,Alessandria,Asti,32.2
2,14,Alessandria,Biella,84.4
2,31,Alessandria,Cuneo,103.2
2,61,Alessandria,Novara,59.2
2,102,Alessandria,Verbania,112.2
2,103,Alessandria,Vercelli,48.1
2,4,Alessandria,Aosta,136.5
2,57,Alessandria,Milano,76
2,13,Alessandria,Bergamo,120.5
2,17,Alessandria,Brescia,143.2
2,27,Alessandria,Como,106.1
2,29,Alessandria,Cremona,113.3
2,48,Alessandria,Lecco,121.4
2,50,Alessandria,Lodi,82.5
2,53,Alessandria,Mantova,173.1
2,59,Alessandria,Monza,90.7
2,67,Alessandria,Pavia,52.3
2,90,Alessandria,Sondrio,170.9
2,100,Alessandria,Varese,102.2
2,16,Alessandria,Bolzano,276.2
2,96,Alessandria,Trento,234.2
2,101,Alessandria,Venezia,295.9
2,11,Alessandria,Belluno,311.9
2,64,Alessandria,Padova,261.5
2,84,Alessandria,Rovigo,250.3
2,97,Alessandria,Treviso,295.9
2,104,Alessandria,Verona,195.2
2,106,Alessandria,Vicenza,239.2
2,98,Alessandria,Trieste,412
2,40,Alessandria,Gorizia,407
2,74,Alessandria,Pordenone,336.2
2,99,Alessandria,Udine,382.3
2,39,Alessandria,Genova,62.2
2,42,Alessandria,Imperia,122.7
2,45,Alessandria,La Spezia,131.6
2,87,Alessandria,Savona,68.1
2,15,Alessandria,Bologna,220.5
2,34,Alessandria,Ferrara,236.9
2,37,Alessandria,Forli,282
2,58,Alessandria,Modena,184.7
2,66,Alessandria,Parma,135.6
2,71,Alessandria,Piacenza,86.2
2,78,Alessandria,Ravenna,289
2,80,Alessandria,Reggio Emilia,160.7
2,82,Alessandria,Rimini,327.4
2,35,Alessandria,Firenze,245.5
2,5,Alessandria,Arezzo,306.1
2,41,Alessandria,Grosseto,311.8
2,49,Alessandria,Livorno,203.1
2,51,Alessandria,Lucca,191.8
2,54,Alessandria,Massa,155.4
2,72,Alessandria,Pisa,194.2
2,73,Alessandria,Pistoia,212.3
2,76,Alessandria,Prato,228.7
2,88,Alessandria,Siena,280
2,68,Alessandria,Perugia,362.3
2,93,Alessandria,Terni,415.8
2,3,Alessandria,Ancona,416.2
2,6,Alessandria,Ascoli Piceno,458.6
2,33,Alessandria,Fermo,452
2,52,Alessandria,Macerata,425.9
2,69,Alessandria,Pesaro,359.2
2,83,Alessandria,Roma,458.5
2,38,Alessandria,Frosinone,528.5
2,46,Alessandria,Latina,517.2
2,81,Alessandria,Rieti,440.6
2,107,Alessandria,Viterbo,394.5
2,44,Alessandria,L'Aquila,478.9
2,26,Alessandria,Chieti,529.7
2,70,Alessandria,Pescara,526.2
2,92,Alessandria,Teramo,478.6
2,21,Alessandria,Campobasso,615.3
2,43,Alessandria,Isernia,585.4
2,60,Alessandria,Napoli,644.7
2,8,Alessandria,Avellino,670.9
2,12,Alessandria,Benevento,654.1
2,23,Alessandria,Caserta,631
2,85,Alessandria,Salerno,687.6
2,9,Alessandria,Bari,792.4
2,10,Alessandria,Barletta,738.2
2,18,Alessandria,Brindisi,896.9
2,36,Alessandria,Foggia,679.9
2,47,Alessandria,Lecce,931.2
2,91,Alessandria,Taranto,860.9
2,75,Alessandria,Potenza,754.6
2,55,Alessandria,Matera,804.3
2,25,Alessandria,Catanzaro,937.6
2,28,Alessandria,Cosenza,886.3
2,30,Alessandria,Crotone,955.8
2,79,Alessandria,Reggio Calabria,955.7
2,105,Alessandria,Vibo Valentia,929.8
2,65,Alessandria,Palermo,852.5
2,1,Alessandria,Agrigento,941.5
2,20,Alessandria,Caltanissetta,942.3
2,24,Alessandria,Catania,984.5
2,32,Alessandria,Enna,943.6
2,56,Alessandria,Messina,943.5
2,77,Alessandria,Ragusa,1025
2,89,Alessandria,Siracusa,1035
2,95,Alessandria,Trapani,833.2
2,19,Alessandria,Cagliari,634
2,62,Alessandria,Nuoro,514.1
2,63,Alessandria,Oristano,556.8
2,86,Alessandria,Sassari,465.6
2,22,Alessandria,Carbonia,639
7,14,Asti,Biella,74.5
7,31,Asti,Cuneo,77.8
7,61,Asti,Novara,68.8
7,102,Asti,Verbania,116.6
7,103,Asti,Vercelli,49.8
7,4,Asti,Aosta,116
7,57,Asti,Milano,99.3
7,13,Asti,Bergamo,145.3
7,17,Asti,Brescia,172.5
7,27,Asti,Como,122
7,29,Asti,Cremona,145.1
7,48,Asti,Lecco,141.3
7,50,Asti,Lodi,111.5
7,53,Asti,Mantova,205.1
7,59,Asti,Monza,113
7,67,Asti,Pavia,81.2
7,90,Asti,Sondrio,192
7,100,Asti,Varese,113.1
7,16,Asti,Bolzano,302.2
7,96,Asti,Trento,262.1
7,101,Asti,Venezia,327.6
7,11,Asti,Belluno,341.4
7,64,Asti,Padova,293.2
7,84,Asti,Rovigo,282.5
7,97,Asti,Treviso,327.1
7,104,Asti,Verona,226.4
7,106,Asti,Vicenza,270.4
7,98,Asti,Trieste,443.7
7,40,Asti,Gorizia,438.1
7,74,Asti,Pordenone,366.8
7,99,Asti,Udine,412.9
7,39,Asti,Genova,80.4
7,42,Asti,Imperia,113.2
7,45,Asti,La Spezia,156
7,87,Asti,Savona,69.2
7,15,Asti,Bologna,251.9
7,34,Asti,Ferrara,269.1
7,37,Asti,Forli,313
7,58,Asti,Modena,216.4
7,66,Asti,Parma,167.6
7,71,Asti,Piacenza,118.2
7,78,Asti,Ravenna,320.6
7,80,Asti,Reggio Emilia,192.5
7,82,Asti,Rimini,358.3
7,35,Asti,Firenze,273.2
7,5,Asti,Arezzo,333.6
7,41,Asti,Grosseto,332.8
7,49,Asti,Livorno,225.2
7,51,Asti,Lucca,217.5
7,54,Asti,Massa,181.1
7,72,Asti,Pisa,218.3
7,73,Asti,Pistoia,240.2
7,76,Asti,Prato,256.7
7,88,Asti,Siena,305.2
7,68,Asti,Perugia,389.3
7,93,Asti,Terni,441
7,3,Asti,Ancona,446.5
7,6,Asti,Ascoli Piceno,486.7
7,33,Asti,Fermo,481.1
7,52,Asti,Macerata,455.2
7,69,Asti,Pesaro,389.8
7,83,Asti,Roma,480.8
7,38,Asti,Frosinone,552.1
7,46,Asti,Latina,539.1
7,81,Asti,Rieti,465.7
7,107,Asti,Viterbo,417.7
7,44,Asti,L'Aquila,505
7,26,Asti,Chieti,557
7,70,Asti,Pescara,554
7,92,Asti,Teramo,506.2
7,21,Asti,Campobasso,641.2
7,43,Asti,Isernia,610.7
7,60,Asti,Napoli,668
7,8,Asti,Avellino,695.3
7,12,Asti,Benevento,679.1
7,23,Asti,Caserta,655
7,85,Asti,Salerno,711.4
7,9,Asti,Bari,820
7,10,Asti,Barletta,765.6
7,18,Asti,Brindisi,924.7
7,36,Asti,Foggia,706.8
7,47,Asti,Lecce,958.7
7,91,Asti,Taranto,887.7
7,75,Asti,Potenza,779.9
7,55,Asti,Matera,830.8
7,25,Asti,Catanzaro,960.7
7,28,Asti,Cosenza,909.6
7,30,Asti,Crotone,979.9
7,79,Asti,Reggio Calabria,975.8
7,105,Asti,Vibo Valentia,951.7
7,65,Asti,Palermo,867.6
7,1,Asti,Agrigento,955.8
7,20,Asti,Caltanissetta,958.1
7,24,Asti,Catania,1002.5
7,32,Asti,Enna,960
7,56,Asti,Messina,963.5
7,77,Asti,Ragusa,1041.4
7,89,Asti,Siracusa,1052.8
7,95,Asti,Trapani,845.8
7,19,Asti,Cagliari,635.7
7,62,Asti,Nuoro,517.6
7,63,Asti,Oristano,556.3
7,86,Asti,Sassari,465.1
7,22,Asti,Carbonia,638.1
14,31,Biella,Cuneo,137.2
14,61,Biella,Novara,45.8
14,102,Biella,Verbania,55.3
14,103,Biella,Vercelli,38.7
14,4,Biella,Aosta,60.6
14,57,Biella,Milano,88.9
14,13,Biella,Bergamo,126.8
14,17,Biella,Brescia,167.7
14,27,Biella,Como,84.3
14,29,Biella,Cremona,160.8
14,48,Biella,Lecco,109
14,50,Biella,Lodi,116.2
14,53,Biella,Mantova,218.3
14,59,Biella,Monza,94.7
14,67,Biella,Pavia,95.7
14,90,Biella,Sondrio,156.3
14,100,Biella,Varese,66.1
14,16,Biella,Bolzano,274.9
14,96,Biella,Trento,244.1
14,101,Biella,Venezia,332
14,11,Biella,Belluno,328.4
14,64,Biella,Padova,298.2
14,84,Biella,Rovigo,296.9
14,97,Biella,Treviso,325.6
14,104,Biella,Verona,229
14,106,Biella,Vicenza,270.7
14,98,Biella,Trieste,444.9
14,40,Biella,Gorizia,433.6
14,74,Biella,Pordenone,359.7
14,99,Biella,Udine,405
14,39,Biella,Genova,146.4
14,42,Biella,Imperia,186.1
14,45,Biella,La Spezia,213.9
14,87,Biella,Savona,143.3
14,15,Biella,Bologna,284.1
14,34,Biella,Ferrara,290.4
14,37,Biella,Forli,347.3
14,58,Biella,Modena,247
14,66,Biella,Parma,197
14,71,Biella,Piacenza,139.9
14,78,Biella,Ravenna,349.9
14,80,Biella,Reggio Emilia,223.5
14,82,Biella,Rimini,392.7
14,35,Biella,Firenze,322
14,5,Biella,Arezzo,382.4
14,41,Biella,Grosseto,395.2
14,49,Biella,Livorno,286.4
14,51,Biella,Lucca,272.1
14,54,Biella,Massa,236.2
14,72,Biella,Pisa,276.1
14,73,Biella,Pistoia,289.1
14,76,Biella,Prato,304.8
14,88,Biella,Siena,360.2
14,68,Biella,Perugia,439.3
14,93,Biella,Terni,495.2
14,3,Biella,Ancona,483.4
14,6,Biella,Ascoli Piceno,532.8
14,33,Biella,Fermo,523.1
14,52,Biella,Macerata,496.7
14,69,Biella,Pesaro,425.2
14,83,Biella,Roma,540.9
14,38,Biella,Frosinone,609.6
14,46,Biella,Latina,599.8
14,81,Biella,Rieti,520.1
14,107,Biella,Viterbo,476.3
14,44,Biella,L'Aquila,557
14,26,Biella,Chieti,605.2
14,70,Biella,Pescara,600.9
14,92,Biella,Teramo,553.7
14,21,Biella,Campobasso,693.3
14,43,Biella,Isernia,664.4
14,60,Biella,Napoli,726
14,8,Biella,Avellino,750.9
14,12,Biella,Benevento,733.4
14,23,Biella,Caserta,711.6
14,85,Biella,Salerno,768.3
14,9,Biella,Bari,866.6
14,10,Biella,Barletta,813
14,18,Biella,Brindisi,970.7
14,36,Biella,Foggia,756
14,47,Biella,Lecce,1005.5
14,91,Biella,Taranto,936.8
14,75,Biella,Potenza,833.1
14,55,Biella,Matera,881
14,25,Biella,Catanzaro,1018.8
14,28,Biella,Cosenza,967.3
14,30,Biella,Crotone,1035.8
14,79,Biella,Reggio Calabria,1039.1
14,105,Biella,Vibo Valentia,1012.1
14,65,Biella,Palermo,936.9
14,1,Biella,Agrigento,1025.8
14,20,Biella,Caltanissetta,1026.7
14,24,Biella,Catania,1068.7
14,32,Biella,Enna,1028
14,56,Biella,Messina,1026.9
14,77,Biella,Ragusa,1109.4
14,89,Biella,Siracusa,1119.2
14,95,Biella,Trapani,917.1
14,19,Biella,Cagliari,710.2
14,62,Biella,Nuoro,592.1
14,63,Biella,Oristano,630.5
14,86,Biella,Sassari,539.4
14,22,Biella,Carbonia,712.2
31,61,Cuneo,Novara,145.4
31,102,Cuneo,Verbania,188.3
31,103,Cuneo,Vercelli,125.1
31,4,Cuneo,Aosta,151.4
31,57,Cuneo,Milano,176.7
31,13,Cuneo,Bergamo,222.4
31,17,Cuneo,Brescia,246.3
31,27,Cuneo,Como,199.3
31,29,Cuneo,Cremona,212.8
31,48,Cuneo,Lecco,219
31,50,Cuneo,Lodi,185.7
31,53,Cuneo,Mantova,270.4
31,59,Cuneo,Monza,190.7
31,67,Cuneo,Pavia,155.5
31,90,Cuneo,Sondrio,269.8
31,100,Cuneo,Varese,188.8
31,16,Cuneo,Bolzano,379
31,96,Cuneo,Trento,337.4
31,101,Cuneo,Venezia,393.7
31,11,Cuneo,Belluno,414.6
31,64,Cuneo,Padova,359.8
31,84,Cuneo,Rovigo,344.1
31,97,Cuneo,Treviso,395.9
31,104,Cuneo,Verona,295.8
31,106,Cuneo,Vicenza,339.6
31,98,Cuneo,Trieste,509.7
31,40,Cuneo,Gorizia,506.9
31,74,Cuneo,Pordenone,437.5
31,99,Cuneo,Udine,483.5
31,39,Cuneo,Genova,111.5
31,42,Cuneo,Imperia,67.8
31,45,Cuneo,La Spezia,184.4
31,87,Cuneo,Savona,74.8
31,15,Cuneo,Bologna,301.9
31,34,Cuneo,Ferrara,326.6
31,37,Cuneo,Forli,358.3
31,58,Cuneo,Modena,269.8
31,66,Cuneo,Parma,225.4
31,71,Cuneo,Piacenza,185.5
31,78,Cuneo,Ravenna,370.2
31,80,Cuneo,Reggio Emilia,247.1
31,82,Cuneo,Rimini,402
31,35,Cuneo,Firenze,304.4
31,5,Cuneo,Arezzo,362.1
31,41,Cuneo,Grosseto,339.3
31,49,Cuneo,Livorno,240.2
31,51,Cuneo,Lucca,244.2
31,54,Cuneo,Massa,210.6
31,72,Cuneo,Pisa,240
31,73,Cuneo,Pistoia,273.1
31,76,Cuneo,Prato,289.6
31,88,Cuneo,Siena,326
31,68,Cuneo,Perugia,414.3
31,93,Cuneo,Terni,458.5
31,3,Cuneo,Ancona,485.5
31,6,Cuneo,Ascoli Piceno,514.4
31,33,Cuneo,Fermo,514.1
31,52,Cuneo,Macerata,489
31,69,Cuneo,Pesaro,431.8
31,83,Cuneo,Roma,487.4
31,38,Cuneo,Frosinone,562.1
31,46,Cuneo,Latina,543.6
31,81,Cuneo,Rieti,482.4
31,107,Cuneo,Viterbo,428.5
31,44,Cuneo,L'Aquila,524.5
31,26,Cuneo,Chieti,581
31,70,Cuneo,Pescara,579.6
31,92,Cuneo,Teramo,531.9
31,21,Cuneo,Campobasso,658.6
31,43,Cuneo,Isernia,626
31,60,Cuneo,Napoli,675.8
31,8,Cuneo,Avellino,706.9
31,12,Cuneo,Benevento,692.7
31,23,Cuneo,Caserta,665.4
31,85,Cuneo,Salerno,720.6
31,9,Cuneo,Bari,843.3
31,10,Cuneo,Barletta,788.3
31,18,Cuneo,Brindisi,948.1
31,36,Cuneo,Foggia,727.6
31,47,Cuneo,Lecce,980.8
31,91,Cuneo,Taranto,907.1
31,75,Cuneo,Potenza,794.4
31,55,Cuneo,Matera,849.2
31,25,Cuneo,Catanzaro,966.2
31,28,Cuneo,Cosenza,916
31,30,Cuneo,Crotone,989
31,79,Cuneo,Reggio Calabria,971.5
31,105,Cuneo,Vibo Valentia,953.2
31,65,Cuneo,Palermo,849.5
31,1,Cuneo,Agrigento,935.4
31,20,Cuneo,Caltanissetta,941.5
31,24,Cuneo,Catania,991.9
31,32,Cuneo,Enna,945
31,56,Cuneo,Messina,959.2
31,77,Cuneo,Ragusa,1026.1
31,89,Cuneo,Siracusa,1041.2
31,95,Cuneo,Trapani,821.7
31,19,Cuneo,Cagliari,588.5
31,62,Cuneo,Nuoro,475.2
31,63,Cuneo,Oristano,505.4
31,86,Cuneo,Sassari,415.2
31,22,Cuneo,Carbonia,585.8
61,102,Novara,Verbania,53.2
61,103,Novara,Vercelli,21
61,4,Novara,Aosta,106.4
61,57,Novara,Milano,44.3
61,13,Novara,Bergamo,86.8
61,17,Novara,Brescia,124.4
61,27,Novara,Como,54
61,29,Novara,Cremona,114.9
61,48,Novara,Lecco,75.6
61,50,Novara,Lodi,70.5
61,53,Novara,Mantova,172.7
61,59,Novara,Monza,53.1
61,67,Novara,Pavia,51
61,90,Novara,Sondrio,126.4
61,100,Novara,Varese,44.6
61,16,Novara,Bolzano,241.4
61,96,Novara,Trento,206.1
61,101,Novara,Venezia,288.1
61,11,Novara,Belluno,289.2
61,64,Novara,Padova,254
61,84,Novara,Rovigo,251.5
61,97,Novara,Treviso,283
61,104,Novara,Verona,184.9
61,106,Novara,Vicenza,227.3
61,98,Novara,Trieste,402
61,40,Novara,Gorizia,392.2
61,74,Novara,Pordenone,318.7
61,99,Novara,Udine,364.5
61,39,Novara,Genova,118.5
61,42,Novara,Imperia,179.1
61,45,Novara,La Spezia,177
61,87,Novara,Savona,126.9
61,15,Novara,Bologna,238.7
61,34,Novara,Ferrara,244.6
61,37,Novara,Forli,301.9
61,58,Novara,Modena,201.5
61,66,Novara,Parma,151.8
61,71,Novara,Piacenza,94.6
61,78,Novara,Ravenna,304.2
61,80,Novara,Reggio Emilia,178.2
61,82,Novara,Rimini,347.3
61,35,Novara,Firenze,279.6
61,5,Novara,Arezzo,339.7
61,41,Novara,Grosseto,358.4
61,49,Novara,Livorno,249.9
61,51,Novara,Lucca,232.4
61,54,Novara,Massa,197.4
61,72,Novara,Pisa,237.8
61,73,Novara,Pistoia,247.1
61,76,Novara,Prato,262.4
61,88,Novara,Siena,319.8
61,68,Novara,Perugia,396.7
61,93,Novara,Terni,453.9
61,3,Novara,Ancona,438.2
61,6,Novara,Ascoli Piceno,489
61,33,Novara,Fermo,478.4
61,52,Novara,Macerata,452.1
61,69,Novara,Pesaro,379.8
61,83,Novara,Roma,502.2
61,38,Novara,Frosinone,569.4
61,46,Novara,Latina,561.2
61,81,Novara,Rieti,478.8
61,107,Novara,Viterbo,437
61,44,Novara,L'Aquila,514.7
61,26,Novara,Chieti,561.7
61,70,Novara,Pescara,557.1
61,92,Novara,Teramo,510.2
61,21,Novara,Campobasso,650.8
61,43,Novara,Isernia,622.5
61,60,Novara,Napoli,685.8
61,8,Novara,Avellino,709.6
61,12,Novara,Benevento,691.7
61,23,Novara,Caserta,670.7
61,85,Novara,Salerno,727.5
61,9,Novara,Bari,822.5
61,10,Novara,Barletta,769.1
61,18,Novara,Brindisi,926.4
61,36,Novara,Foggia,712.6
61,47,Novara,Lecce,961.4
61,91,Novara,Taranto,893.3
61,75,Novara,Potenza,790.8
61,55,Novara,Matera,837.8
61,25,Novara,Catanzaro,978.3
61,28,Novara,Cosenza,926.7
61,30,Novara,Crotone,994.3
61,79,Novara,Reggio Calabria,1001.4
61,105,Novara,Vibo Valentia,972.7
61,65,Novara,Palermo,904.5
61,1,Novara,Agrigento,994
61,20,Novara,Caltanissetta,993.4
61,24,Novara,Catania,1033
61,32,Novara,Enna,994.1
61,56,Novara,Messina,989.2
61,77,Novara,Ragusa,1075.4
61,89,Novara,Siracusa,1083.8
61,95,Novara,Trapani,887.3
61,19,Novara,Cagliari,693.1
61,62,Novara,Nuoro,572.9
61,63,Novara,Oristano,616
61,86,Novara,Sassari,524.9
61,22,Novara,Carbonia,698.2
102,103,Verbania,Vercelli,67.3
102,4,Verbania,Aosta,97.6
102,57,Verbania,Milano,71
102,13,Verbania,Bergamo,90.7
102,17,Verbania,Brescia,135.6
102,27,Verbania,Como,43.2
102,29,Verbania,Cremona,144.3
102,48,Verbania,Lecco,65.9
102,50,Verbania,Lodi,100.5
102,53,Verbania,Mantova,194.1
102,59,Verbania,Monza,67.4
102,67,Verbania,Pavia,94.6
102,90,Verbania,Sondrio,106.1
102,100,Verbania,Varese,23.9
102,16,Verbania,Bolzano,225
102,96,Verbania,Trento,199.2
102,101,Verbania,Venezia,297.2
102,11,Verbania,Belluno,284
102,64,Verbania,Padova,264.6
102,84,Verbania,Rovigo,269.6
102,97,Verbania,Treviso,287.5
102,104,Verbania,Verona,197
102,106,Verbania,Vicenza,235.3
102,98,Verbania,Trieste,406.2
102,40,Verbania,Gorizia,392.1
102,74,Verbania,Pordenone,317.7
102,99,Verbania,Udine,362.1
102,39,Verbania,Genova,171.4
102,42,Verbania,Imperia,229.5
102,45,Verbania,La Spezia,225.6
102,87,Verbania,Savona,179.4
102,15,Verbania,Bologna,270.1
102,34,Verbania,Ferrara,268.2
102,37,Verbania,Forli,332.7
102,58,Verbania,Modena,233.6
102,66,Verbania,Parma,186.4
102,71,Verbania,Piacenza,131.3
102,78,Verbania,Ravenna,331.4
102,80,Verbania,Reggio Emilia,211.9
102,82,Verbania,Rimini,377.1
102,35,Verbania,Firenze,320.4
102,5,Verbania,Arezzo,379.3
102,41,Verbania,Grosseto,405.9
102,49,Verbania,Livorno,298.2
102,51,Verbania,Lucca,277.8
102,54,Verbania,Massa,244.1
102,72,Verbania,Pisa,284.7
102,73,Verbania,Pistoia,288.8
102,76,Verbania,Prato,303.3
102,88,Verbania,Siena,363.4
102,68,Verbania,Perugia,436.2
102,93,Verbania,Terni,495.4
102,3,Verbania,Ancona,468.4
102,6,Verbania,Ascoli Piceno,524.9
102,33,Verbania,Fermo,511.6
102,52,Verbania,Macerata,485.2
102,69,Verbania,Pesaro,409.7
102,83,Verbania,Roma,547.1
102,38,Verbania,Frosinone,612.2
102,46,Verbania,Latina,606.2
102,81,Verbania,Rieti,520.3
102,107,Verbania,Viterbo,481.5
102,44,Verbania,L'Aquila,554.2
102,26,Verbania,Chieti,598.4
102,70,Verbania,Pescara,593
102,92,Verbania,Teramo,546.8
102,21,Verbania,Campobasso,689.7
102,43,Verbania,Isernia,662.6
102,60,Verbania,Napoli,728.4
102,8,Verbania,Avellino,750.4
102,12,Verbania,Benevento,731.8
102,23,Verbania,Caserta,712.4
102,85,Verbania,Salerno,769.2
102,9,Verbania,Bari,856.8
102,10,Verbania,Barletta,804.2
102,18,Verbania,Brindisi,960
102,36,Verbania,Foggia,749.1
102,47,Verbania,Lecce,995.4
102,91,Verbania,Taranto,929.1
102,75,Verbania,Potenza,829.8
102,55,Verbania,Matera,874.5
102,25,Verbania,Catanzaro,1020.2
102,28,Verbania,Cosenza,968.4
102,30,Verbania,Crotone,1034.6
102,79,Verbania,Reggio Calabria,1046.8
102,105,Verbania,Vibo Valentia,1016.1
102,65,Verbania,Palermo,954.1
102,1,Verbania,Agrigento,1044
102,20,Verbania,Caltanissetta,1042.5
102,24,Verbania,Catania,1080.4
102,32,Verbania,Enna,1042.8
102,56,Verbania,Messina,1034.7
102,77,Verbania,Ragusa,1124
102,89,Verbania,Siracusa,1131.3
102,95,Verbania,Trapani,938.2
102,19,Verbania,Cagliari,746.2
102,62,Verbania,Nuoro,626
102,63,Verbania,Oristano,668.9
102,86,Verbania,Sassari,577.7
102,22,Verbania,Carbonia,751.1
103,4,Vercelli,Aosta,97.2
103,57,Vercelli,Milano,62.2
103,13,Vercelli,Bergamo,106.6
103,17,Vercelli,Brescia,142
103,27,Vercelli,Como,74.8
103,29,Vercelli,Cremona,127.4
103,48,Vercelli,Lecco,96.6
103,50,Vercelli,Lodi,84.9
103,53,Vercelli,Mantova,186.7
103,59,Vercelli,Monza,72.8
103,67,Vercelli,Pavia,59.9
103,90,Vercelli,Sondrio,147.3
103,100,Vercelli,Varese,63.7
103,16,Vercelli,Bolzano,262
103,96,Vercelli,Trento,225.9
103,101,Vercelli,Venezia,304.6
103,11,Vercelli,Belluno,308.5
103,64,Vercelli,Padova,270.3
103,84,Vercelli,Rovigo,265.7
103,97,Vercelli,Treviso,300.5
103,104,Vercelli,Verona,201.4
103,106,Vercelli,Vicenza,244.4
103,98,Vercelli,Trieste,419.2
103,40,Vercelli,Gorizia,410.3
103,74,Vercelli,Pordenone,337.2
103,99,Vercelli,Udine,383.1
103,39,Vercelli,Genova,110.2
103,42,Vercelli,Imperia,162.2
103,45,Vercelli,La Spezia,175.4
103,87,Vercelli,Savona,112.8
103,15,Vercelli,Bologna,248
103,34,Vercelli,Ferrara,257.1
103,37,Vercelli,Forli,311
103,58,Vercelli,Modena,211
103,66,Vercelli,Parma,160.8
103,71,Vercelli,Piacenza,104.3
103,78,Vercelli,Ravenna,314.7
103,80,Vercelli,Reggio Emilia,187.2
103,82,Vercelli,Rimini,356.5
103,35,Vercelli,Firenze,283.5
103,5,Vercelli,Arezzo,344
103,41,Vercelli,Grosseto,356.8
103,49,Vercelli,Livorno,248
103,51,Vercelli,Lucca,233.4
103,54,Vercelli,Massa,197.5
103,72,Vercelli,Pisa,237.4
103,73,Vercelli,Pistoia,250.6
103,76,Vercelli,Prato,266.4
103,88,Vercelli,Siena,321.4
103,68,Vercelli,Perugia,400.8
103,93,Vercelli,Terni,456.5
103,3,Vercelli,Ancona,446.9
103,6,Vercelli,Ascoli Piceno,494.8
103,33,Vercelli,Fermo,485.7
103,52,Vercelli,Macerata,459.4
103,69,Vercelli,Pesaro,388.9
103,83,Vercelli,Roma,502.3
103,38,Vercelli,Frosinone,570.9
103,46,Vercelli,Latina,561.2
103,81,Vercelli,Rieti,481.4
103,107,Vercelli,Viterbo,437.6
103,44,Vercelli,L'Aquila,518.4
103,26,Vercelli,Chieti,567
103,70,Vercelli,Pescara,562.8
103,92,Vercelli,Teramo,515.6
103,21,Vercelli,Campobasso,654.8
103,43,Vercelli,Isernia,625.8
103,60,Vercelli,Napoli,687.3
103,8,Vercelli,Avellino,712.2
103,12,Vercelli,Benevento,694.8
103,23,Vercelli,Caserta,672.8
103,85,Vercelli,Salerno,729.5
103,9,Vercelli,Bari,828.7
103,10,Vercelli,Barletta,775
103,18,Vercelli,Brindisi,932.9
103,36,Vercelli,Foggia,717.8
103,47,Vercelli,Lecce,967.6
103,91,Vercelli,Taranto,898.6
103,75,Vercelli,Potenza,794.5
103,55,Vercelli,Matera,842.7
103,25,Vercelli,Catanzaro,980.1
103,28,Vercelli,Cosenza,928.6
103,30,Vercelli,Crotone,997.1
103,79,Vercelli,Reggio Calabria,1000.6
103,105,Vercelli,Vibo Valentia,973.4
103,65,Vercelli,Palermo,899.9
103,1,Vercelli,Agrigento,989
103,20,Vercelli,Caltanissetta,989.4
103,24,Vercelli,Catania,1030.7
103,32,Vercelli,Enna,990.5
103,56,Vercelli,Messina,988.4
103,77,Vercelli,Ragusa,1071.9
103,89,Vercelli,Siracusa,1081.3
103,95,Vercelli,Trapani,881.1
103,19,Vercelli,Cagliari,680.7
103,62,Vercelli,Nuoro,561.2
103,63,Vercelli,Oristano,602.5
103,86,Vercelli,Sassari,511.3
103,22,Vercelli,Carbonia,684.6
4,57,Aosta,Milano,148.6
4,13,Aosta,Bergamo,183
4,17,Aosta,Brescia,225.8
4,27,Aosta,Como,137.1
4,29,Aosta,Cremona,221.3
4,48,Aosta,Lecco,161.6
4,50,Aosta,Lodi,176.6
4,53,Aosta,Mantova,278.4
4,59,Aosta,Monza,152.8
4,67,Aosta,Pavia,156
4,90,Aosta,Sondrio,203.6
4,100,Aosta,Varese,117.1
4,16,Aosta,Bolzano,322.3
4,96,Aosta,Trento,296.5
4,101,Aosta,Venezia,390
4,11,Aosta,Belluno,381.3
4,64,Aosta,Padova,356.5
4,84,Aosta,Rovigo,356.7
4,97,Aosta,Treviso,382.3
4,104,Aosta,Verona,287.6
4,106,Aosta,Vicenza,328.4
4,98,Aosta,Trieste,501.4
4,40,Aosta,Gorizia,488.6
4,74,Aosta,Pordenone,414.3
4,99,Aosta,Udine,459
4,39,Aosta,Genova,195.5
4,42,Aosta,Imperia,213.1
4,45,Aosta,La Spezia,268.1
4,87,Aosta,Savona,183
4,15,Aosta,Bologna,344.5
4,34,Aosta,Ferrara,350.9
4,37,Aosta,Forli,407.6
4,58,Aosta,Modena,307.4
4,66,Aosta,Parma,257.3
4,71,Aosta,Piacenza,200.3
4,78,Aosta,Ravenna,410.4
4,80,Aosta,Reggio Emilia,283.8
4,82,Aosta,Rimini,453.1
4,35,Aosta,Firenze,380
4,5,Aosta,Arezzo,440.6
4,41,Aosta,Grosseto,447.7
4,49,Aosta,Livorno,339.4
4,51,Aosta,Lucca,328
4,54,Aosta,Massa,291.7
4,72,Aosta,Pisa,330.7
4,73,Aosta,Pistoia,346.9
4,76,Aosta,Prato,362.9
4,88,Aosta,Siena,416.3
4,68,Aosta,Perugia,497.3
4,93,Aosta,Terni,551.9
4,3,Aosta,Ancona,543.7
4,6,Aosta,Ascoli Piceno,591.9
4,33,Aosta,Fermo,582.9
4,52,Aosta,Macerata,556.5
4,69,Aosta,Pesaro,485.5
4,83,Aosta,Roma,594.9
4,38,Aosta,Frosinone,665
4,46,Aosta,Latina,653.5
4,81,Aosta,Rieti,576.8
4,107,Aosta,Viterbo,531.1
4,44,Aosta,L'Aquila,614.5
4,26,Aosta,Chieti,663.9
4,70,Aosta,Pescara,659.8
4,92,Aosta,Teramo,612.5
4,21,Aosta,Campobasso,750.9
4,43,Aosta,Isernia,721.5
4,60,Aosta,Napoli,781.3
4,8,Aosta,Avellino,807.3
4,12,Aosta,Benevento,790.3
4,23,Aosta,Caserta,767.5
4,85,Aosta,Salerno,824.1
4,9,Aosta,Bari,925.8
4,10,Aosta,Barletta,872
4,18,Aosta,Brindisi,1030
4,36,Aosta,Foggia,814.5
4,47,Aosta,Lecce,1064.7
4,91,Aosta,Taranto,995.4
4,75,Aosta,Potenza,890.4
4,55,Aosta,Matera,939.3
4,25,Aosta,Catanzaro,1074.2
4,28,Aosta,Cosenza,1022.8
4,30,Aosta,Crotone,1092.2
4,79,Aosta,Reggio Calabria,1091.3
4,105,Aosta,Vibo Valentia,1066.2
4,65,Aosta,Palermo,983.2
4,1,Aosta,Agrigento,1071.1
4,20,Aosta,Caltanissetta,1073.8
4,24,Aosta,Catania,1118.5
4,32,Aosta,Enna,1075.9
4,56,Aosta,Messina,1079
4,77,Aosta,Ragusa,1157.3
4,89,Aosta,Siracusa,1168.7
4,95,Aosta,Trapani,960.3
4,19,Aosta,Cagliari,739.1
4,62,Aosta,Nuoro,624
4,63,Aosta,Oristano,656.5
4,86,Aosta,Sassari,566.1
4,22,Aosta,Carbonia,737.2
57,13,Milano,Bergamo,46
57,17,Milano,Brescia,80.1
57,27,Milano,Como,39.1
57,29,Milano,Cremona,74.8
57,48,Milano,Lecco,46.5
57,50,Milano,Lodi,29.9
57,53,Milano,Mantova,129.8
57,59,Milano,Monza,14.9
57,67,Milano,Pavia,31.2
57,90,Milano,Sondrio,94.9
57,100,Milano,Varese,48.7
57,16,Milano,Bolzano,203
57,96,Milano,Trento,164.5
57,101,Milano,Venezia,243.8
57,11,Milano,Belluno,246.4
57,64,Milano,Padova,209.7
57,84,Milano,Rovigo,208.2
57,97,Milano,Treviso,238.7
57,104,Milano,Verona,140.6
57,106,Milano,Vicenza,183
57,98,Milano,Trieste,357.7
57,40,Milano,Gorizia,348.2
57,74,Milano,Pordenone,275
57,99,Milano,Udine,320.9
57,39,Milano,Genova,119.3
57,42,Milano,Imperia,197.3
57,45,Milano,La Spezia,159.5
57,87,Milano,Savona,140.2
57,15,Milano,Bologna,200.7
57,34,Milano,Ferrara,202.9
57,37,Milano,Forli,263.7
57,58,Milano,Modena,163.8
57,66,Milano,Parma,115.7
57,71,Milano,Piacenza,60.4
57,78,Milano,Ravenna,264.1
57,80,Milano,Reggio Emilia,141.5
57,82,Milano,Rimini,308.7
57,35,Milano,Firenze,249.5
57,5,Milano,Arezzo,308.3
57,41,Milano,Grosseto,337.2
57,49,Milano,Livorno,230.8
57,51,Milano,Lucca,208.2
57,54,Milano,Massa,175.7
57,72,Milano,Pisa,216.1
57,73,Milano,Pistoia,218
57,76,Milano,Prato,232.3
57,88,Milano,Siena,293
57,68,Milano,Perugia,365.2
57,93,Milano,Terni,424.5
57,3,Milano,Ancona,399.9
57,6,Milano,Ascoli Piceno,454.4
57,33,Milano,Fermo,442
57,52,Milano,Macerata,415.6
57,69,Milano,Pesaro,341.3
57,83,Milano,Roma,476.9
57,38,Milano,Frosinone,541.4
57,46,Milano,Latina,535.9
57,81,Milano,Rieti,449.3
57,107,Milano,Viterbo,411.2
57,44,Milano,L'Aquila,483.2
57,26,Milano,Chieti,527.8
57,70,Milano,Pescara,522.6
57,92,Milano,Teramo,476.2
57,21,Milano,Campobasso,618.8
57,43,Milano,Isernia,591.6
57,60,Milano,Napoli,657.5
57,8,Milano,Avellino,679.4
57,12,Milano,Benevento,660.8
57,23,Milano,Caserta,641.4
57,85,Milano,Salerno,698.2
57,9,Milano,Bari,786.9
57,10,Milano,Barletta,734.1
57,18,Milano,Brindisi,890.4
57,36,Milano,Foggia,678.6
57,47,Milano,Lecce,925.7
57,91,Milano,Taranto,858.8
57,75,Milano,Potenza,758.9
57,55,Milano,Matera,804
57,25,Milano,Catanzaro,949.2
57,28,Milano,Cosenza,897.4
57,30,Milano,Crotone,963.6
57,79,Milano,Reggio Calabria,976.5
57,105,Milano,Vibo Valentia,945.4
57,65,Milano,Palermo,887
57,1,Milano,Agrigento,977.3
57,20,Milano,Caltanissetta,974.7
57,24,Milano,Catania,1011.1
57,32,Milano,Enna,974.5
57,56,Milano,Messina,964.5
57,77,Milano,Ragusa,1055.6
57,89,Milano,Siracusa,1062.1
57,95,Milano,Trapani,873.1
57,19,Milano,Cagliari,693.9
57,62,Milano,Nuoro,572.1
57,63,Milano,Oristano,620
57,86,Milano,Sassari,529.4
57,22,Milano,Carbonia,702.4
13,17,Bergamo,Brescia,45.1
13,27,Bergamo,Como,47.5
13,29,Bergamo,Cremona,68.4
13,48,Bergamo,Lecco,27.9
13,50,Bergamo,Lodi,45.3
13,53,Bergamo,Mantova,105.8
13,59,Bergamo,Monza,33.8
13,67,Bergamo,Pavia,70
13,90,Bergamo,Sondrio,54.7
13,100,Bergamo,Varese,67.5
13,16,Bergamo,Bolzano,157
13,96,Bergamo,Trento,119.4
13,101,Bergamo,Venezia,207.3
13,11,Bergamo,Belluno,202.5
13,64,Bergamo,Padova,174.3
13,84,Bergamo,Rovigo,179.2
13,97,Bergamo,Treviso,199.3
13,104,Bergamo,Verona,106.3
13,106,Bergamo,Vicenza,145.5
13,98,Bergamo,Trieste,318.5
13,40,Bergamo,Gorizia,306.9
13,74,Bergamo,Pordenone,232.9
13,99,Bergamo,Udine,278.4
13,39,Bergamo,Genova,154.8
13,42,Bergamo,Imperia,239
13,45,Bergamo,La Spezia,177.8
13,87,Bergamo,Savona,181
13,15,Bergamo,Bologna,187.1
13,34,Bergamo,Ferrara,179.6
13,37,Bergamo,Forli,248
13,58,Bergamo,Modena,152.4
13,66,Bergamo,Parma,112
13,71,Bergamo,Piacenza,71.8
13,78,Bergamo,Ravenna,244.2
13,80,Bergamo,Reggio Emilia,133.9
13,82,Bergamo,Rimini,291.2
13,35,Bergamo,Firenze,248.1
13,5,Bergamo,Arezzo,303.6
13,41,Bergamo,Grosseto,345.8
13,49,Bergamo,Livorno,244.2
13,51,Bergamo,Lucca,216.5
13,54,Bergamo,Massa,188.5
13,72,Bergamo,Pisa,227
13,73,Bergamo,Pistoia,219.2
13,76,Bergamo,Prato,231.6
13,88,Bergamo,Siena,295.3
13,68,Bergamo,Perugia,359.5
13,93,Bergamo,Terni,421.2
13,3,Bergamo,Ancona,382
13,6,Bergamo,Ascoli Piceno,443
13,33,Bergamo,Fermo,427.2
13,52,Bergamo,Macerata,401
13,69,Bergamo,Pesaro,323.5
13,83,Bergamo,Roma,478.8
13,38,Bergamo,Frosinone,539.3
13,46,Bergamo,Latina,537.3
13,81,Bergamo,Rieti,445.7
13,107,Bergamo,Viterbo,412.9
13,44,Bergamo,L'Aquila,476.5
13,26,Bergamo,Chieti,516.9
13,70,Bergamo,Pescara,510.7
13,92,Bergamo,Teramo,465.6
13,21,Bergamo,Campobasso,610.3
13,43,Bergamo,Isernia,585
13,60,Bergamo,Napoli,654.4
13,8,Bergamo,Avellino,673.6
13,12,Bergamo,Benevento,654
13,23,Bergamo,Caserta,637
13,85,Bergamo,Salerno,693.5
13,9,Bergamo,Bari,772.3
13,10,Bergamo,Barletta,720.4
13,18,Bergamo,Brindisi,874.7
13,36,Bergamo,Foggia,666.9
13,47,Bergamo,Lecce,910.5
13,91,Bergamo,Taranto,845.8
13,75,Bergamo,Potenza,750.1
13,55,Bergamo,Matera,792.2
13,25,Bergamo,Catanzaro,944.1
13,28,Bergamo,Cosenza,892.1
13,30,Bergamo,Crotone,956.1
13,79,Bergamo,Reggio Calabria,977
13,105,Bergamo,Vibo Valentia,942.6
13,65,Bergamo,Palermo,896.3
13,1,Bergamo,Agrigento,987.2
13,20,Bergamo,Caltanissetta,982.5
13,24,Bergamo,Catania,1015
13,32,Bergamo,Enna,981.3
13,56,Bergamo,Messina,965
13,77,Bergamo,Ragusa,1062
13,89,Bergamo,Siracusa,1066.2
13,95,Bergamo,Trapani,886.1
13,19,Bergamo,Cagliari,721.4
13,62,Bergamo,Nuoro,598.7
13,63,Bergamo,Oristano,650.1
13,86,Bergamo,Sassari,560.3
13,22,Bergamo,Carbonia,732.4
17,27,Brescia,Como,92.4
17,29,Brescia,Cremona,47.8
17,48,Brescia,Lecco,72.3
17,50,Brescia,Lodi,61
17,53,Brescia,Mantova,62.3
17,59,Brescia,Monza,73.1
17,67,Brescia,Pavia,91.4
17,90,Brescia,Sondrio,74.5
17,100,Brescia,Varese,112.1
17,16,Brescia,Bolzano,138.2
17,96,Brescia,Trento,92.1
17,101,Brescia,Venezia,164.4
17,11,Brescia,Belluno,169
17,64,Brescia,Padova,130.7
17,84,Brescia,Rovigo,134.1
17,97,Brescia,Treviso,158.6
17,104,Brescia,Verona,61.9
17,106,Brescia,Vicenza,103.1
17,98,Brescia,Trieste,277.6
17,40,Brescia,Gorizia,268.3
17,74,Brescia,Pordenone,195.5
17,99,Brescia,Udine,241.6
17,39,Brescia,Genova,160.8
17,42,Brescia,Imperia,251.4
17,45,Brescia,La Spezia,162.9
17,87,Brescia,Savona,193.5
17,15,Brescia,Bologna,146.4
17,34,Brescia,Ferrara,135.3
17,37,Brescia,Forli,205.6
17,58,Brescia,Modena,114.1
17,66,Brescia,Parma,82.8
17,71,Brescia,Piacenza,67.8
17,78,Brescia,Ravenna,200.3
17,80,Brescia,Reggio Emilia,99.3
17,82,Brescia,Rimini,247.9
17,35,Brescia,Firenze,213.6
17,5,Brescia,Arezzo,266.3
17,41,Brescia,Grosseto,317.2
17,49,Brescia,Livorno,221.8
17,51,Brescia,Lucca,190.3
17,54,Brescia,Massa,167.6
17,72,Brescia,Pisa,202.8
17,73,Brescia,Pistoia,187.4
17,76,Brescia,Prato,197.9
17,88,Brescia,Siena,262.6
17,68,Brescia,Perugia,321.1
17,93,Brescia,Terni,383.9
17,3,Brescia,Ancona,338.3
17,6,Brescia,Ascoli Piceno,401.4
17,33,Brescia,Fermo,384.4
17,52,Brescia,Macerata,358.4
17,69,Brescia,Pesaro,280
17,83,Brescia,Roma,444.3
17,38,Brescia,Frosinone,502.1
17,46,Brescia,Latina,502.3
17,81,Brescia,Rieti,408
17,107,Brescia,Viterbo,378.7
17,44,Brescia,L'Aquila,437.1
17,26,Brescia,Chieti,475.4
17,70,Brescia,Pescara,468.8
17,92,Brescia,Teramo,424.3
17,21,Brescia,Campobasso,569.6
17,43,Brescia,Isernia,545.2
17,60,Brescia,Napoli,616.3
17,8,Brescia,Avellino,634.1
17,12,Brescia,Benevento,614
17,23,Brescia,Caserta,598.2
17,85,Brescia,Salerno,654.5
17,9,Brescia,Bari,729.1
17,10,Brescia,Barletta,677.6
17,18,Brescia,Brindisi,831.2
17,36,Brescia,Foggia,624.8
17,47,Brescia,Lecce,867.1
17,91,Brescia,Taranto,803.2
17,75,Brescia,Potenza,709.1
17,55,Brescia,Matera,750
17,25,Brescia,Catanzaro,904.6
17,28,Brescia,Cosenza,852.6
17,30,Brescia,Crotone,915.5
17,79,Brescia,Reggio Calabria,940.4
17,105,Brescia,Vibo Valentia,904.3
17,65,Brescia,Palermo,865.8
17,1,Brescia,Agrigento,957
17,20,Brescia,Caltanissetta,950.7
17,24,Brescia,Catania,980.6
17,32,Brescia,Enna,948.8
17,56,Brescia,Messina,928.6
17,77,Brescia,Ragusa,1029.1
17,89,Brescia,Siracusa,1031.9
17,95,Brescia,Trapani,858.4
17,19,Brescia,Cagliari,708.2
17,62,Brescia,Nuoro,585
17,63,Brescia,Oristano,640.5
17,86,Brescia,Sassari,552.1
17,22,Brescia,Carbonia,722.2
27,29,Como,Cremona,104.8
27,48,Como,Lecco,24.8
27,50,Como,Lodi,64.3
27,53,Como,Mantova,151.5
27,59,Como,Monza,28.9
27,67,Como,Pavia,69.6
27,90,Como,Sondrio,73.3
27,100,Como,Varese,20.2
27,16,Como,Bolzano,190.9
27,96,Como,Trento,160.2
27,101,Como,Venezia,254.5
27,11,Como,Belluno,244.8
27,64,Como,Padova,221.7
27,84,Como,Rovigo,226.4
27,97,Como,Treviso,245.6
27,104,Como,Verona,153.8
27,106,Como,Vicenza,192.6
27,98,Como,Trieste,364.5
27,40,Como,Gorizia,351.5
27,74,Como,Pordenone,277.2
27,99,Como,Udine,322.2
27,39,Como,Genova,156.3
27,42,Como,Imperia,228.7
27,45,Como,La Spezia,198.4
27,87,Como,Savona,173.4
27,15,Como,Bologna,229.5
27,34,Como,Ferrara,225.6
27,37,Como,Forli,291.6
27,58,Como,Modena,193.5
27,66,Como,Parma,148.2
27,71,Como,Piacenza,96.5
27,78,Como,Ravenna,289.4
27,80,Como,Reggio Emilia,172.8
27,82,Como,Rimini,335.6
27,35,Como,Firenze,284.1
27,5,Como,Arezzo,341.8
27,41,Como,Grosseto,375
27,49,Como,Livorno,269.3
27,51,Como,Lucca,245.6
27,54,Como,Massa,213.9
27,72,Como,Pisa,254.1
27,73,Como,Pistoia,253.4
27,76,Como,Prato,267.1
27,88,Como,Siena,329
27,68,Como,Perugia,398.4
27,93,Como,Terni,458.8
27,3,Como,Ancona,426.7
27,6,Como,Ascoli Piceno,485.1
27,33,Como,Fermo,470.8
27,52,Como,Macerata,444.5
27,69,Como,Pesaro,368.1
27,83,Como,Roma,513.1
27,38,Como,Frosinone,576.3
27,46,Como,Latina,572
27,81,Como,Rieti,483.5
27,107,Como,Viterbo,447.2
27,44,Como,L'Aquila,516.2
27,26,Como,Chieti,558.8
27,70,Como,Pescara,553.1
27,92,Como,Teramo,507.3
27,21,Como,Campobasso,651
27,43,Como,Isernia,624.7
27,60,Como,Napoli,692.1
27,8,Como,Avellino,712.9
27,12,Como,Benevento,693.9
27,23,Como,Caserta,675.5
27,85,Como,Salerno,732.2
27,9,Como,Bari,816
27,10,Como,Barletta,763.8
27,18,Como,Brindisi,918.9
27,36,Como,Foggia,709.3
27,47,Como,Lecce,954.5
27,91,Como,Taranto,888.9
27,75,Como,Potenza,791.1
27,55,Como,Matera,834.7
27,25,Como,Catanzaro,983.1
27,28,Como,Cosenza,931.3
27,30,Como,Crotone,996.5
27,79,Como,Reggio Calabria,1012.5
27,105,Como,Vibo Valentia,980.2
27,65,Como,Palermo,925.2
27,1,Como,Agrigento,1015.6
27,20,Como,Caltanissetta,1012.7
27,24,Como,Catania,1048.1
27,32,Como,Enna,1012.3
27,56,Como,Messina,1000.5
27,77,Como,Ragusa,1093.3
27,89,Como,Siracusa,1099.2
27,95,Como,Trapani,911.9
27,19,Como,Cagliari,732.1
27,62,Como,Nuoro,610.6
27,63,Como,Oristano,657.5
27,86,Como,Sassari,566.7
27,22,Como,Carbonia,739.9
29,48,Cremona,Lecco,94
29,50,Cremona,Lodi,45.1
29,53,Cremona,Mantova,60.3
29,59,Cremona,Monza,77
29,67,Cremona,Pavia,68
29,90,Cremona,Sondrio,115.8
29,100,Cremona,Varese,120.7
29,16,Cremona,Bolzano,183.6
29,96,Cremona,Trento,135.2
29,101,Cremona,Venezia,182.6
29,11,Cremona,Belluno,204
29,64,Cremona,Padova,148.2
29,84,Cremona,Rovigo,138.9
29,97,Cremona,Treviso,183.2
29,104,Cremona,Verona,83
29,106,Cremona,Vicenza,126.8
29,98,Cremona,Trieste,298.7
29,40,Cremona,Gorizia,294.4
29,74,Cremona,Pordenone,224.9
29,99,Cremona,Udine,270.7
29,39,Cremona,Genova,117.3
29,42,Cremona,Imperia,209.4
29,45,Cremona,La Spezia,115.7
29,87,Cremona,Savona,152.7
29,15,Cremona,Bologna,126
29,34,Cremona,Ferrara,129.8
29,37,Cremona,Forli,189
29,58,Cremona,Modena,89.3
29,66,Cremona,Parma,44
29,71,Cremona,Piacenza,27.4
29,78,Cremona,Ravenna,189.6
29,80,Cremona,Reggio Emilia,68
29,82,Cremona,Rimini,233.8
29,35,Cremona,Firenze,180.5
29,5,Cremona,Arezzo,237.3
29,41,Cremona,Grosseto,277.6
29,49,Cremona,Livorno,177.7
29,51,Cremona,Lucca,148.5
29,54,Cremona,Massa,122.4
29,72,Cremona,Pisa,159.7
29,73,Cremona,Pistoia,151
29,76,Cremona,Prato,163.8
29,88,Cremona,Siena,227.1
29,68,Cremona,Perugia,293.8
29,93,Cremona,Terni,354.6
29,3,Cremona,Ancona,325
29,6,Cremona,Ascoli Piceno,380.7
29,33,Cremona,Fermo,367.4
29,52,Cremona,Macerata,341.1
29,69,Cremona,Pesaro,266.5
29,83,Cremona,Roma,410.8
29,38,Cremona,Frosinone,472.4
29,46,Cremona,Latina,469.5
29,81,Cremona,Rieti,379.2
29,107,Cremona,Viterbo,344.9
29,44,Cremona,L'Aquila,411.5
29,26,Cremona,Chieti,454.3
29,70,Cremona,Pescara,448.8
29,92,Cremona,Teramo,402.8
29,21,Cremona,Campobasso,546.3
29,43,Cremona,Isernia,520
29,60,Cremona,Napoli,587.9
29,8,Cremona,Avellino,608.3
29,12,Cremona,Benevento,589.2
29,23,Cremona,Caserta,571
29,85,Cremona,Salerno,627.7
29,9,Cremona,Bari,712.6
29,10,Cremona,Barletta,659.9
29,18,Cremona,Brindisi,815.9
29,36,Cremona,Foggia,605
29,47,Cremona,Lecce,851.3
29,91,Cremona,Taranto,784.9
29,75,Cremona,Potenza,686.3
29,55,Cremona,Matera,730.4
29,25,Cremona,Catanzaro,878.5
29,28,Cremona,Cosenza,826.7
29,30,Cremona,Crotone,891.7
29,79,Cremona,Reggio Calabria,909.5
29,105,Cremona,Vibo Valentia,876.1
29,65,Cremona,Palermo,828
29,1,Cremona,Agrigento,918.9
29,20,Cremona,Caltanissetta,914.1
29,24,Cremona,Catania,946.9
29,32,Cremona,Enna,913
29,56,Cremona,Messina,897.5
29,77,Cremona,Ragusa,993.7
29,89,Cremona,Siracusa,998.1
29,95,Cremona,Trapani,818.3
29,19,Cremona,Cagliari,661.3
29,62,Cremona,Nuoro,538.2
29,63,Cremona,Oristano,593
29,86,Cremona,Sassari,504.4
29,22,Cremona,Carbonia,674.8
48,50,Lecco,Lodi,61.4
48,53,Lecco,Mantova,133.6
48,59,Lecco,Monza,31.7
48,67,Lecco,Pavia,77
48,90,Lecco,Sondrio,50.9
48,100,Lecco,Varese,44.5
48,16,Lecco,Bolzano,166.7
48,96,Lecco,Trento,135.4
48,101,Lecco,Venezia,231.5
48,11,Lecco,Belluno,220.1
48,64,Lecco,Padova,199.1
48,84,Lecco,Rovigo,206.1
48,97,Lecco,Treviso,221.7
48,104,Lecco,Verona,132.3
48,106,Lecco,Vicenza,169.6
48,98,Lecco,Trieste,340.5
48,40,Lecco,Gorizia,327
48,74,Lecco,Pordenone,252.7
48,99,Lecco,Udine,297.5
48,39,Lecco,Genova,165.2
48,42,Lecco,Imperia,243.5
48,45,Lecco,La Spezia,197.9
48,87,Lecco,Savona,186.6
48,15,Lecco,Bologna,214.9
48,34,Lecco,Ferrara,207.3
48,37,Lecco,Forli,275.9
48,58,Lecco,Modena,180
48,66,Lecco,Parma,138
48,71,Lecco,Piacenza,92.3
48,78,Lecco,Ravenna,272
48,80,Lecco,Reggio Emilia,160.9
48,82,Lecco,Rimini,319.1
48,35,Lecco,Firenze,274.5
48,5,Lecco,Arezzo,330.7
48,41,Lecco,Grosseto,370
48,49,Lecco,Livorno,266.6
48,51,Lecco,Lucca,240.4
48,54,Lecco,Massa,210.7
48,72,Lecco,Pisa,250.1
48,73,Lecco,Pistoia,245
48,76,Lecco,Prato,257.8
48,88,Lecco,Siena,321
48,68,Lecco,Perugia,386.7
48,93,Lecco,Terni,448.2
48,3,Lecco,Ancona,409.8
48,6,Lecco,Ascoli Piceno,470.8
48,33,Lecco,Fermo,455.1
48,52,Lecco,Macerata,429
48,69,Lecco,Pesaro,351.4
48,83,Lecco,Roma,504.8
48,38,Lecco,Frosinone,566.2
48,46,Lecco,Latina,563.5
48,81,Lecco,Rieti,472.7
48,107,Lecco,Viterbo,438.9
48,44,Lecco,L'Aquila,504
48,26,Lecco,Chieti,544.7
48,70,Lecco,Pescara,538.5
48,92,Lecco,Teramo,493.4
48,21,Lecco,Campobasso,637.9
48,43,Lecco,Isernia,612.5
48,60,Lecco,Napoli,681.4
48,8,Lecco,Avellino,701
48,12,Lecco,Benevento,681.5
48,23,Lecco,Caserta,664.2
48,85,Lecco,Salerno,720.8
48,9,Lecco,Bari,800.2
48,10,Lecco,Barletta,748.4
48,18,Lecco,Brindisi,902.6
48,36,Lecco,Foggia,694.8
48,47,Lecco,Lecce,938.4
48,91,Lecco,Taranto,873.8
48,75,Lecco,Potenza,777.8
48,55,Lecco,Matera,820.1
48,25,Lecco,Catanzaro,971.5
48,28,Lecco,Cosenza,919.5
48,30,Lecco,Crotone,983.7
48,79,Lecco,Reggio Calabria,1003.5
48,105,Lecco,Vibo Valentia,969.7
48,65,Lecco,Palermo,920.7
48,1,Lecco,Agrigento,1011.4
48,20,Lecco,Caltanissetta,1007.3
48,24,Lecco,Catania,1040.8
48,32,Lecco,Enna,1006.4
48,56,Lecco,Messina,991.5
48,77,Lecco,Ragusa,1087.2
48,89,Lecco,Siracusa,1092
48,95,Lecco,Trapani,909.3
48,19,Lecco,Cagliari,737.9
48,62,Lecco,Nuoro,615.6
48,63,Lecco,Oristano,664.9
48,86,Lecco,Sassari,574.6
48,22,Lecco,Carbonia,747.3
50,53,Lodi,Mantova,102.3
50,59,Lodi,Monza,35.4
50,67,Lodi,Pavia,30.4
50,90,Lodi,Sondrio,100
50,100,Lodi,Varese,77.6
50,16,Lodi,Bolzano,194.9
50,96,Lodi,Trento,151.8
50,101,Lodi,Venezia,220.1
50,11,Lodi,Belluno,230
50,64,Lodi,Padova,185.7
50,84,Lodi,Rovigo,181.2
50,97,Lodi,Treviso,217.2
50,104,Lodi,Verona,117.1
50,106,Lodi,Vicenza,160.7
50,98,Lodi,Trieste,335.3
50,40,Lodi,Gorizia,327.8
50,74,Lodi,Pordenone,255.8
50,99,Lodi,Udine,301.9
50,39,Lodi,Genova,109.7
50,42,Lodi,Imperia,195.9
50,45,Lodi,La Spezia,136.6
50,87,Lodi,Savona,137.6
50,15,Lodi,Bologna,170.8
50,34,Lodi,Ferrara,174.2
50,37,Lodi,Forli,233.9
50,58,Lodi,Modena,133.9
50,66,Lodi,Parma,85.9
50,71,Lodi,Piacenza,32.2
50,78,Lodi,Ravenna,234.7
50,80,Lodi,Reggio Emilia,111.6
50,82,Lodi,Rimini,278.9
50,35,Lodi,Firenze,220.5
50,5,Lodi,Arezzo,278.9
50,41,Lodi,Grosseto,310.9
50,49,Lodi,Livorno,206
50,51,Lodi,Lucca,181.4
50,54,Lodi,Massa,150.3
50,72,Lodi,Pisa,190.3
50,73,Lodi,Pistoia,189.4
50,76,Lodi,Prato,203.4
50,88,Lodi,Siena,264.8
50,68,Lodi,Perugia,335.7
50,93,Lodi,Terni,395.4
50,3,Lodi,Ancona,370.1
50,6,Lodi,Ascoli Piceno,424.6
50,33,Lodi,Fermo,412
50,52,Lodi,Macerata,385.7
50,69,Lodi,Pesaro,311.5
50,83,Lodi,Roma,448.9
50,38,Lodi,Frosinone,512.6
50,46,Lodi,Latina,507.8
50,81,Lodi,Rieti,420.2
50,107,Lodi,Viterbo,383.1
50,44,Lodi,L'Aquila,453.7
50,26,Lodi,Chieti,498
50,70,Lodi,Pescara,492.7
50,92,Lodi,Teramo,446.4
50,21,Lodi,Campobasso,589.1
50,43,Lodi,Isernia,562.2
50,60,Lodi,Napoli,628.6
50,8,Lodi,Avellino,650.1
50,12,Lodi,Benevento,631.4
50,23,Lodi,Caserta,612.3
50,85,Lodi,Salerno,669.1
50,9,Lodi,Bari,757
50,10,Lodi,Barletta,704.2
50,18,Lodi,Brindisi,860.5
50,36,Lodi,Foggia,648.8
50,47,Lodi,Lecce,895.8
50,91,Lodi,Taranto,828.9
50,75,Lodi,Potenza,729.2
50,55,Lodi,Matera,774.1
50,25,Lodi,Catanzaro,920.1
50,28,Lodi,Cosenza,868.2
50,30,Lodi,Crotone,934.1
50,79,Lodi,Reggio Calabria,948.4
50,105,Lodi,Vibo Valentia,916.6
50,65,Lodi,Palermo,861.4
50,1,Lodi,Agrigento,951.9
50,20,Lodi,Caltanissetta,948.6
50,24,Lodi,Catania,983.8
50,32,Lodi,Enna,948.1
50,56,Lodi,Messina,936.4
50,77,Lodi,Ragusa,1029.1
50,89,Lodi,Siracusa,1034.9
50,95,Lodi,Trapani,848.9
50,19,Lodi,Cagliari,677.4
50,62,Lodi,Nuoro,555
50,63,Lodi,Oristano,605.5
50,86,Lodi,Sassari,515.5
50,22,Lodi,Carbonia,687.8
53,59,Mantova,Monza,127.7
53,67,Mantova,Pavia,128.1
53,90,Mantova,Sondrio,133.2
53,100,Mantova,Varese,170.1
53,16,Mantova,Bolzano,155.5
53,96,Mantova,Trento,105.3
53,101,Mantova,Venezia,123.3
53,11,Mantova,Belluno,155.6
53,64,Mantova,Padova,89.4
53,84,Mantova,Rovigo,79
53,97,Mantova,Treviso,126.7
53,104,Mantova,Verona,35
53,106,Mantova,Vicenza,72.5
53,98,Mantova,Trieste,239.4
53,40,Mantova,Gorizia,237.1
53,74,Mantova,Pordenone,170.6
53,99,Mantova,Udine,215.5
53,39,Mantova,Genova,167.9
53,42,Mantova,Imperia,259.6
53,45,Mantova,La Spezia,140
53,87,Mantova,Savona,205.6
53,15,Mantova,Bologna,85.4
53,34,Mantova,Ferrara,74.1
53,37,Mantova,Forli,143.3
53,58,Mantova,Modena,57.6
53,66,Mantova,Parma,53.7
53,71,Mantova,Piacenza,86.9
53,78,Mantova,Ravenna,138.4
53,80,Mantova,Reggio Emilia,52.5
53,82,Mantova,Rimini,185.6
53,35,Mantova,Firenze,158.5
53,5,Mantova,Arezzo,207.2
53,41,Mantova,Grosseto,267.3
53,49,Mantova,Livorno,182.8
53,51,Mantova,Lucca,147.8
53,54,Mantova,Massa,134.9
53,72,Mantova,Pisa,162.4
53,73,Mantova,Pistoia,136.6
53,76,Mantova,Prato,144.3
53,88,Mantova,Siena,208.8
53,68,Mantova,Perugia,260.8
53,93,Mantova,Terni,324.2
53,3,Mantova,Ancona,276.2
53,6,Mantova,Ascoli Piceno,339.3
53,33,Mantova,Fermo,322.1
53,52,Mantova,Macerata,296
53,69,Mantova,Pesaro,217.9
53,83,Mantova,Roma,387
53,38,Mantova,Frosinone,442.3
53,46,Mantova,Latina,444.3
53,81,Mantova,Rieti,348
53,107,Mantova,Viterbo,322
53,44,Mantova,L'Aquila,375.8
53,26,Mantova,Chieti,413.2
53,70,Mantova,Pescara,406.5
53,92,Mantova,Teramo,362.2
53,21,Mantova,Campobasso,507.7
53,43,Mantova,Isernia,483.7
53,60,Mantova,Napoli,555.8
53,8,Mantova,Avellino,572.7
53,12,Mantova,Benevento,552.4
53,23,Mantova,Caserta,537.3
53,85,Mantova,Salerno,593.4
53,9,Mantova,Bari,666.8
53,10,Mantova,Barletta,615.3
53,18,Mantova,Brindisi,769.1
53,36,Mantova,Foggia,562.5
53,47,Mantova,Lecce,804.9
53,91,Mantova,Taranto,740.8
53,75,Mantova,Potenza,647
53,55,Mantova,Matera,687.7
53,25,Mantova,Catanzaro,843.1
53,28,Mantova,Cosenza,791.1
53,30,Mantova,Crotone,853.5
53,79,Mantova,Reggio Calabria,880.8
53,105,Mantova,Vibo Valentia,843.5
53,65,Mantova,Palermo,811.4
53,1,Mantova,Agrigento,902.8
53,20,Mantova,Caltanissetta,894.9
53,24,Mantova,Catania,922.5
53,32,Mantova,Enna,892.5
53,56,Mantova,Messina,869
53,77,Mantova,Ragusa,972.4
53,89,Mantova,Siracusa,973.9
53,95,Mantova,Trapani,806.9
53,19,Mantova,Cagliari,673.8
53,62,Mantova,Nuoro,550.8
53,63,Mantova,Oristano,611
53,86,Mantova,Sassari,525.1
53,22,Mantova,Carbonia,691.7
59,67,Monza,Pavia,45.4
59,90,Monza,Sondrio,80.2
59,100,Monza,Varese,43.7
59,16,Monza,Bolzano,190
59,96,Monza,Trento,153.2
59,101,Monza,Venezia,237.5
59,11,Monza,Belluno,236.1
59,64,Monza,Padova,203.8
59,84,Monza,Rovigo,204.8
59,97,Monza,Treviso,231
59,104,Monza,Verona,134.8
59,106,Monza,Vicenza,176.1
59,98,Monza,Trieste,350.2
59,40,Monza,Gorizia,339.5
59,74,Monza,Pordenone,265.9
59,99,Monza,Udine,311.5
59,39,Monza,Genova,133.6
59,42,Monza,Imperia,212.2
59,45,Monza,La Spezia,170.4
59,87,Monza,Savona,155.1
59,15,Monza,Bologna,202.7
59,34,Monza,Ferrara,201.6
59,37,Monza,Forli,265.3
59,58,Monza,Modena,166.3
59,66,Monza,Parma,120
59,71,Monza,Piacenza,67.6
59,78,Monza,Ravenna,264.3
59,80,Monza,Reggio Emilia,145
59,82,Monza,Rimini,309.8
59,35,Monza,Firenze,255.5
59,5,Monza,Arezzo,313.5
59,41,Monza,Grosseto,346.2
59,49,Monza,Livorno,240.8
59,51,Monza,Lucca,216.8
59,54,Monza,Massa,185.3
59,72,Monza,Pisa,225.4
59,73,Monza,Pistoia,224.6
59,76,Monza,Prato,238.5
59,88,Monza,Siena,300.2
59,68,Monza,Perugia,370.2
59,93,Monza,Terni,430.3
59,3,Monza,Ancona,401
59,6,Monza,Ascoli Piceno,457.8
59,33,Monza,Fermo,444.2
59,52,Monza,Macerata,417.8
59,69,Monza,Pesaro,342.4
59,83,Monza,Roma,484.2
59,38,Monza,Frosinone,547.7
59,46,Monza,Latina,543.2
59,81,Monza,Rieti,455
59,107,Monza,Viterbo,418.4
59,44,Monza,L'Aquila,488.1
59,26,Monza,Chieti,531.4
59,70,Monza,Pescara,525.8
59,92,Monza,Teramo,479.8
59,21,Monza,Campobasso,623.1
59,43,Monza,Isernia,596.6
59,60,Monza,Napoli,663.6
59,8,Monza,Avellino,684.7
59,12,Monza,Benevento,665.8
59,23,Monza,Caserta,647.1
59,85,Monza,Salerno,703.8
59,9,Monza,Bari,789.4
59,10,Monza,Barletta,736.9
59,18,Monza,Brindisi,892.6
59,36,Monza,Foggia,682
59,47,Monza,Lecce,928
59,91,Monza,Taranto,861.9
59,75,Monza,Potenza,763.2
59,55,Monza,Matera,807.4
59,25,Monza,Catanzaro,954.8
59,28,Monza,Cosenza,902.9
59,30,Monza,Crotone,968.4
59,79,Monza,Reggio Calabria,983.7
59,105,Monza,Vibo Valentia,951.6
59,65,Monza,Palermo,896.5
59,1,Monza,Agrigento,987
59,20,Monza,Caltanissetta,983.9
59,24,Monza,Catania,1019.2
59,32,Monza,Enna,983.4
59,56,Monza,Messina,971.7
59,77,Monza,Ragusa,1064.4
59,89,Monza,Siracusa,1070.3
59,95,Monza,Trapani,883.6
59,19,Monza,Cagliari,707.4
59,62,Monza,Nuoro,585.4
59,63,Monza,Oristano,633.9
59,86,Monza,Sassari,543.4
59,22,Monza,Carbonia,716.3
67,90,Pavia,Sondrio,123
67,100,Pavia,Varese,75.3
67,16,Pavia,Bolzano,224.2
67,96,Pavia,Trento,181.9
67,101,Pavia,Venezia,248.5
67,11,Pavia,Belluno,260.3
67,64,Pavia,Padova,214.1
67,84,Pavia,Rovigo,206.9
67,97,Pavia,Treviso,246.6
67,104,Pavia,Verona,146.1
67,106,Pavia,Vicenza,190
67,98,Pavia,Trieste,364.1
67,40,Pavia,Gorizia,357.5
67,74,Pavia,Pordenone,285.8
67,99,Pavia,Udine,331.9
67,39,Pavia,Genova,88.2
67,42,Pavia,Imperia,169.1
67,45,Pavia,La Spezia,131.4
67,87,Pavia,Savona,111.2
67,15,Pavia,Bologna,188.5
67,34,Pavia,Ferrara,197.3
67,37,Pavia,Forli,251.7
67,58,Pavia,Modena,151.4
67,66,Pavia,Parma,101.4
67,71,Pavia,Piacenza,44.5
67,78,Pavia,Ravenna,254.9
67,80,Pavia,Reggio Emilia,127.8
67,82,Pavia,Rimini,297.1
67,35,Pavia,Firenze,229
67,5,Pavia,Arezzo,288.9
67,41,Pavia,Grosseto,311.3
67,49,Pavia,Livorno,203.7
67,51,Pavia,Lucca,183.6
67,54,Pavia,Massa,149.5
67,72,Pavia,Pisa,190.2
67,73,Pavia,Pistoia,196.6
67,76,Pavia,Prato,211.8
67,88,Pavia,Siena,270.1
67,68,Pavia,Perugia,345.9
67,93,Pavia,Terni,403.6
67,3,Pavia,Ancona,387.8
67,6,Pavia,Ascoli Piceno,438
67,33,Pavia,Fermo,427.6
67,52,Pavia,Macerata,401.2
67,69,Pavia,Pesaro,329.6
67,83,Pavia,Roma,453.3
67,38,Pavia,Frosinone,519.6
67,46,Pavia,Latina,512.3
67,81,Pavia,Rieti,428.5
67,107,Pavia,Viterbo,387.9
67,44,Pavia,L'Aquila,463.9
67,26,Pavia,Chieti,510.7
67,70,Pavia,Pescara,506.1
67,92,Pavia,Teramo,459.2
67,21,Pavia,Campobasso,600
67,43,Pavia,Isernia,572
67,60,Pavia,Napoli,635.9
67,8,Pavia,Avellino,659.2
67,12,Pavia,Benevento,641.1
67,23,Pavia,Caserta,620.5
67,85,Pavia,Salerno,677.3
67,9,Pavia,Bari,771.5
67,10,Pavia,Barletta,718.2
67,18,Pavia,Brindisi,875.5
67,36,Pavia,Foggia,661.6
67,47,Pavia,Lecce,910.4
67,91,Pavia,Taranto,842.3
67,75,Pavia,Potenza,740.1
67,55,Pavia,Matera,786.8
67,25,Pavia,Catanzaro,928.3
67,28,Pavia,Cosenza,876.6
67,30,Pavia,Crotone,943.8
67,79,Pavia,Reggio Calabria,952.9
67,105,Pavia,Vibo Valentia,923.2
67,65,Pavia,Palermo,859.8
67,1,Pavia,Agrigento,949.9
67,20,Pavia,Caltanissetta,948.1
67,24,Pavia,Catania,985.9
67,32,Pavia,Enna,948.2
67,56,Pavia,Messina,940.8
67,77,Pavia,Ragusa,1029.4
67,89,Pavia,Siracusa,1036.8
67,95,Pavia,Trapani,844.8
67,19,Pavia,Cagliari,662.8
67,62,Pavia,Nuoro,541.1
67,63,Pavia,Oristano,588.8
67,86,Pavia,Sassari,498.2
67,22,Pavia,Carbonia,671.2
90,100,Sondrio,Varese,90.2
90,16,Sondrio,Bolzano,119.1
90,96,Sondrio,Trento,96.4
90,101,Sondrio,Venezia,205.5
90,11,Sondrio,Belluno,180.2
90,64,Sondrio,Padova,176.7
90,84,Sondrio,Rovigo,192.5
90,97,Sondrio,Treviso,191.2
90,104,Sondrio,Verona,118.6
90,106,Sondrio,Vicenza,145.9
90,98,Sondrio,Trieste,307.1
90,40,Sondrio,Gorizia,289.9
90,74,Sondrio,Pordenone,215.9
90,99,Sondrio,Udine,258.9
90,39,Sondrio,Genova,209.3
90,42,Sondrio,Imperia,291.8
90,45,Sondrio,La Spezia,229.9
90,87,Sondrio,Savona,234.2
90,15,Sondrio,Bologna,218.6
90,34,Sondrio,Ferrara,200.9
90,37,Sondrio,Forli,274.9
90,58,Sondrio,Modena,188
90,66,Sondrio,Parma,156.1
90,71,Sondrio,Piacenza,125.1
90,78,Sondrio,Ravenna,266.4
90,80,Sondrio,Reggio Emilia,173.8
90,82,Sondrio,Rimini,314.9
90,35,Sondrio,Firenze,288
90,5,Sondrio,Arezzo,339.8
90,41,Sondrio,Grosseto,391.2
90,49,Sondrio,Livorno,293.5
90,51,Sondrio,Lucca,263.4
90,54,Sondrio,Massa,238.2
90,72,Sondrio,Pisa,275.2
90,73,Sondrio,Pistoia,261.8
90,76,Sondrio,Prato,272.4
90,88,Sondrio,Siena,337.1
90,68,Sondrio,Perugia,393.9
90,93,Sondrio,Terni,457.2
90,3,Sondrio,Ancona,403.5
90,6,Sondrio,Ascoli Piceno,470.9
90,33,Sondrio,Fermo,451.7
90,52,Sondrio,Macerata,426.1
90,69,Sondrio,Pesaro,346.3
90,83,Sondrio,Roma,518.5
90,38,Sondrio,Frosinone,575.3
90,46,Sondrio,Latina,576.3
90,81,Sondrio,Rieti,481
90,107,Sondrio,Viterbo,453
90,44,Sondrio,L'Aquila,508.8
90,26,Sondrio,Chieti,544.7
90,70,Sondrio,Pescara,537.5
90,92,Sondrio,Teramo,494.1
90,21,Sondrio,Campobasso,639.9
90,43,Sondrio,Isernia,616.6
90,60,Sondrio,Napoli,688.9
90,8,Sondrio,Avellino,705.5
90,12,Sondrio,Benevento,685.1
90,23,Sondrio,Caserta,670.4
90,85,Sondrio,Salerno,726.5
90,9,Sondrio,Bari,794.6
90,10,Sondrio,Barletta,744.1
90,18,Sondrio,Brindisi,895.5
90,36,Sondrio,Foggia,692.9
90,47,Sondrio,Lecce,931.7
90,91,Sondrio,Taranto,869.8
90,75,Sondrio,Potenza,778.8
90,55,Sondrio,Matera,817.7
90,25,Sondrio,Catanzaro,975.8
90,28,Sondrio,Cosenza,923.9
90,30,Sondrio,Crotone,985.5
90,79,Sondrio,Reggio Calabria,1013.8
90,105,Sondrio,Vibo Valentia,976.6
90,65,Sondrio,Palermo,940.2
90,1,Sondrio,Agrigento,1031.4
90,20,Sondrio,Caltanissetta,1025.1
90,24,Sondrio,Catania,1054.7
90,32,Sondrio,Enna,1023.3
90,56,Sondrio,Messina,1002
90,77,Sondrio,Ragusa,1103.5
90,89,Sondrio,Siracusa,1106
90,95,Sondrio,Trapani,932.5
90,19,Sondrio,Cagliari,774.8
90,62,Sondrio,Nuoro,652
90,63,Sondrio,Oristano,704.3
90,86,Sondrio,Sassari,614.7
90,22,Sondrio,Carbonia,786.5
100,16,Varese,Bolzano,208.9
100,96,Varese,Trento,179.8
100,101,Varese,Venezia,274.6
100,11,Varese,Belluno,264.5
100,64,Varese,Padova,241.8
100,84,Varese,Rovigo,245.9
100,97,Varese,Treviso,265.8
100,104,Varese,Verona,173.7
100,106,Varese,Vicenza,212.7
100,98,Varese,Trieste,384.7
100,40,Varese,Gorizia,371.5
100,74,Varese,Pordenone,297.2
100,99,Varese,Udine,342
100,39,Varese,Genova,157.6
100,42,Varese,Imperia,223.5
100,45,Varese,La Spezia,206.6
100,87,Varese,Savona,170.3
100,15,Varese,Bologna,246.3
100,34,Varese,Ferrara,244.3
100,37,Varese,Forli,308.9
100,58,Varese,Modena,209.9
100,66,Varese,Parma,163.2
100,71,Varese,Piacenza,109
100,78,Varese,Ravenna,307.5
100,80,Varese,Reggio Emilia,188.5
100,82,Varese,Rimini,353.3
100,35,Varese,Firenze,298
100,5,Varese,Arezzo,356.5
100,41,Varese,Grosseto,385.6
100,49,Varese,Livorno,278.6
100,51,Varese,Lucca,256.8
100,54,Varese,Massa,223.8
100,72,Varese,Pisa,264.4
100,73,Varese,Pistoia,266.7
100,76,Varese,Prato,280.9
100,88,Varese,Siena,341.7
100,68,Varese,Perugia,413.3
100,93,Varese,Terni,473
100,3,Varese,Ancona,444.5
100,6,Varese,Ascoli Piceno,501.4
100,33,Varese,Fermo,487.8
100,52,Varese,Macerata,461.5
100,69,Varese,Pesaro,385.8
100,83,Varese,Roma,525.6
100,38,Varese,Frosinone,590
100,46,Varese,Latina,584.6
100,81,Varese,Rieti,497.7
100,107,Varese,Viterbo,459.9
100,44,Varese,L'Aquila,531.3
100,26,Varese,Chieti,574.9
100,70,Varese,Pescara,569.5
100,92,Varese,Teramo,523.4
100,21,Varese,Campobasso,666.5
100,43,Varese,Isernia,639.7
100,60,Varese,Napoli,706.1
100,8,Varese,Avellino,727.7
100,12,Varese,Benevento,708.9
100,23,Varese,Caserta,689.9
100,85,Varese,Salerno,746.6
100,9,Varese,Bari,833.1
100,10,Varese,Barletta,780.6
100,18,Varese,Brindisi,936.2
100,36,Varese,Foggia,725.6
100,47,Varese,Lecce,971.7
100,91,Varese,Taranto,905.5
100,75,Varese,Potenza,806.6
100,55,Varese,Matera,851
100,25,Varese,Catanzaro,997.6
100,28,Varese,Cosenza,945.8
100,30,Varese,Crotone,1011.6
100,79,Varese,Reggio Calabria,1025.3
100,105,Varese,Vibo Valentia,994
100,65,Varese,Palermo,934.8
100,1,Varese,Agrigento,1025
100,20,Varese,Caltanissetta,1022.9
100,24,Varese,Catania,1059.7
100,32,Varese,Enna,1022.8
100,56,Varese,Messina,1013.2
100,77,Varese,Ragusa,1103.9
100,89,Varese,Siracusa,1110.7
100,95,Varese,Trapani,920.1
100,19,Varese,Cagliari,733.9
100,62,Varese,Nuoro,613
100,63,Varese,Oristano,657.9
100,86,Varese,Sassari,566.9
100,22,Varese,Carbonia,740.3
16,96,Bolzano,Trento,50.4
16,101,Bolzano,Venezia,139.1
16,11,Bolzano,Belluno,77.4
16,64,Bolzano,Padova,127.9
16,84,Bolzano,Rovigo,162.4
16,97,Bolzano,Treviso,115.1
16,104,Bolzano,Verona,121.2
16,106,Bolzano,Vicenza,106.9
16,98,Bolzano,Trieste,209.3
16,40,Bolzano,Gorizia,185.1
16,74,Bolzano,Pordenone,117.1
16,99,Bolzano,Udine,152.1
16,39,Bolzano,Genova,299
16,42,Bolzano,Imperia,389.3
16,45,Bolzano,La Spezia,292.1
16,87,Bolzano,Savona,331.2
16,15,Bolzano,Bologna,222.8
16,34,Bolzano,Ferrara,185.8
16,37,Bolzano,Forli,258.6
16,58,Bolzano,Modena,208.5
16,66,Bolzano,Parma,204.9
16,71,Bolzano,Piacenza,206
16,78,Bolzano,Ravenna,240.6
16,80,Bolzano,Reggio Emilia,207.9
16,82,Bolzano,Rimini,286.5
16,35,Bolzano,Firenze,303.5
16,5,Bolzano,Arezzo,340
16,41,Bolzano,Grosseto,415.7
16,49,Bolzano,Livorno,338.1
16,51,Bolzano,Lucca,302.6
16,54,Bolzano,Massa,289.9
16,72,Bolzano,Pisa,317.5
16,73,Bolzano,Pistoia,287.7
16,76,Bolzano,Prato,292.1
16,88,Bolzano,Siena,353.5
16,68,Bolzano,Perugia,385.4
16,93,Bolzano,Terni,449.3
16,3,Bolzano,Ancona,362.8
16,6,Bolzano,Ascoli Piceno,441.6
16,33,Bolzano,Fermo,415.3
16,52,Bolzano,Macerata,392.3
16,69,Bolzano,Pesaro,312.4
16,83,Bolzano,Roma,519
16,38,Bolzano,Frosinone,563.3
16,46,Bolzano,Latina,572.9
16,81,Bolzano,Rieti,470.5
16,107,Bolzano,Viterbo,457.3
16,44,Bolzano,L'Aquila,489
16,26,Bolzano,Chieti,512.2
16,70,Bolzano,Pescara,502.9
16,92,Bolzano,Teramo,465.2
16,21,Bolzano,Campobasso,609.3
16,43,Bolzano,Isernia,591.6
16,60,Bolzano,Napoli,670
16,8,Bolzano,Avellino,679.4
16,12,Bolzano,Benevento,657.1
16,23,Bolzano,Caserta,648.8
16,85,Bolzano,Salerno,702.5
16,9,Bolzano,Bari,743.9
16,10,Bolzano,Barletta,697.2
16,18,Bolzano,Brindisi,840.2
16,36,Bolzano,Foggia,652.4
16,47,Bolzano,Lecce,877.1
16,91,Bolzano,Taranto,821.8
16,75,Bolzano,Potenza,743.2
16,55,Bolzano,Matera,773.7
16,25,Bolzano,Catanzaro,945.4
16,28,Bolzano,Cosenza,894.1
16,30,Bolzano,Crotone,949.2
16,79,Bolzano,Reggio Calabria,996.8
16,105,Bolzano,Vibo Valentia,952.2
16,65,Bolzano,Palermo,946.5
16,1,Bolzano,Agrigento,1037.9
16,20,Bolzano,Caltanissetta,1026.2
16,24,Bolzano,Catania,1045.8
16,32,Bolzano,Enna,1022
16,56,Bolzano,Messina,985.4
16,77,Bolzano,Ragusa,1100.2
16,89,Bolzano,Siracusa,1096.9
16,95,Bolzano,Trapani,948
16,19,Bolzano,Cagliari,829
16,62,Bolzano,Nuoro,706.1
16,63,Bolzano,Oristano,766.4
16,86,Bolzano,Sassari,680.2
16,22,Bolzano,Carbonia,847.1
96,101,Trento,Venezia,116.4
96,11,Trento,Belluno,84.8
96,64,Trento,Padova,94.6
96,84,Trento,Rovigo,123.3
96,97,Trento,Treviso,97.9
96,104,Trento,Verona,71.5
96,106,Trento,Vicenza,67
96,98,Trento,Trieste,211
96,40,Trento,Gorizia,193.7
96,74,Trento,Pordenone,119.5
96,99,Trento,Udine,163
96,39,Trento,Genova,251.9
96,42,Trento,Imperia,343.2
96,45,Trento,La Spezia,241.8
96,87,Trento,Savona,285.4
96,15,Trento,Bologna,176.5
96,34,Trento,Ferrara,142.9
96,37,Trento,Forli,218.2
96,58,Trento,Modena,159.5
96,66,Trento,Parma,154.5
96,71,Trento,Piacenza,159
96,78,Trento,Ravenna,202.7
96,80,Trento,Reggio Emilia,157.8
96,82,Trento,Rimini,250.4
96,35,Trento,Firenze,256.5
96,5,Trento,Arezzo,296.5
96,41,Trento,Grosseto,368.2
96,49,Trento,Livorno,288.1
96,51,Trento,Lucca,252.8
96,54,Trento,Massa,239.5
96,72,Trento,Pisa,267.6
96,73,Trento,Pistoia,239
96,76,Trento,Prato,244.3
96,88,Trento,Siena,306.9
96,68,Trento,Perugia,344.6
96,93,Trento,Terni,408.7
96,3,Trento,Ancona,332.4
96,6,Trento,Ascoli Piceno,407.6
96,33,Trento,Fermo,383.7
96,52,Trento,Macerata,359.5
96,69,Trento,Pesaro,278.7
96,83,Trento,Roma,476.7
96,38,Trento,Frosinone,524.5
96,46,Trento,Latina,531.9
96,81,Trento,Rieti,430.9
96,107,Trento,Viterbo,413.8
96,44,Trento,L'Aquila,452.2
96,26,Trento,Chieti,479.8
96,70,Trento,Pescara,471.2
96,92,Trento,Teramo,431.3
96,21,Trento,Campobasso,576.7
96,43,Trento,Isernia,556.9
96,60,Trento,Napoli,633.7
96,8,Trento,Avellino,645.5
96,12,Trento,Benevento,623.7
96,23,Trento,Caserta,613.3
96,85,Trento,Salerno,667.9
96,9,Trento,Bari,719.5
96,10,Trento,Barletta,671.1
96,18,Trento,Brindisi,818.1
96,36,Trento,Foggia,623.6
96,47,Trento,Lecce,854.7
96,91,Trento,Taranto,796.4
96,75,Trento,Potenza,712.8
96,55,Trento,Matera,746.6
96,25,Trento,Catanzaro,913.6
96,28,Trento,Cosenza,861.9
96,30,Trento,Crotone,919.5
96,79,Trento,Reggio Calabria,960.6
96,105,Trento,Vibo Valentia,918.3
96,65,Trento,Palermo,904
96,1,Trento,Agrigento,995.4
96,20,Trento,Caltanissetta,985
96,24,Trento,Catania,1007.3
96,32,Trento,Enna,981.4
96,56,Trento,Messina,949.1
96,77,Trento,Ragusa,1060.2
96,89,Trento,Siracusa,1058.6
96,95,Trento,Trapani,903.5
96,19,Trento,Cagliari,779.1
96,62,Trento,Nuoro,656.1
96,63,Trento,Oristano,716.1
96,86,Trento,Sassari,629.8
96,22,Trento,Carbonia,796.9
101,11,Venezia,Belluno,78
101,64,Venezia,Padova,34.5
101,84,Venezia,Rovigo,58.2
101,97,Venezia,Treviso,25.8
101,104,Venezia,Verona,103.3
101,106,Venezia,Vicenza,61.9
101,98,Venezia,Trieste,116.1
101,40,Venezia,Gorizia,115.8
101,74,Venezia,Pordenone,63.3
101,99,Venezia,Udine,100
101,39,Venezia,Genova,289.1
101,42,Venezia,Imperia,379.5
101,45,Venezia,La Spezia,246.6
101,87,Venezia,Savona,327.5
101,15,Venezia,Bologna,130.1
101,34,Venezia,Ferrara,86.4
101,37,Venezia,Forli,137.2
101,58,Venezia,Modena,140.4
101,66,Venezia,Parma,171.4
101,71,Venezia,Piacenza,209.8
101,78,Venezia,Ravenna,114
101,80,Venezia,Reggio Emilia,156
101,82,Venezia,Rimini,154
101,35,Venezia,Firenze,203.9
101,5,Venezia,Arezzo,222.6
101,41,Venezia,Grosseto,312.8
101,49,Venezia,Livorno,263.7
101,51,Venezia,Lucca,228.1
101,54,Venezia,Massa,232.3
101,72,Venezia,Pisa,243.8
101,73,Venezia,Pistoia,201.5
101,76,Venezia,Prato,198.5
101,88,Venezia,Siena,248.6
101,68,Venezia,Perugia,259.2
101,93,Venezia,Terni,321
101,3,Venezia,Ancona,224.2
101,6,Venezia,Ascoli Piceno,304.7
101,33,Venezia,Fermo,277
101,52,Venezia,Macerata,254.8
101,69,Venezia,Pesaro,176.4
101,83,Venezia,Roma,393.7
101,38,Venezia,Frosinone,430.8
101,46,Venezia,Latina,444.3
101,81,Venezia,Rieti,340.4
101,107,Venezia,Viterbo,336.2
101,44,Venezia,L'Aquila,354.5
101,26,Venezia,Chieti,374.1
101,70,Venezia,Pescara,364.5
101,92,Venezia,Teramo,328.2
101,21,Venezia,Campobasso,471.1
101,43,Venezia,Isernia,454.6
101,60,Venezia,Napoli,534.3
101,8,Venezia,Avellino,541.8
101,12,Venezia,Benevento,519.2
101,23,Venezia,Caserta,512.4
101,85,Venezia,Salerno,565.3
101,9,Venezia,Bari,605.7
101,10,Venezia,Barletta,558.5
101,18,Venezia,Brindisi,703.1
101,36,Venezia,Foggia,513.4
101,47,Venezia,Lecce,739.9
101,91,Venezia,Taranto,683.3
101,75,Venezia,Potenza,604.3
101,55,Venezia,Matera,634.8
101,25,Venezia,Catanzaro,806.7
101,28,Venezia,Cosenza,755.5
101,30,Venezia,Crotone,810.1
101,79,Venezia,Reggio Calabria,860.4
101,105,Venezia,Vibo Valentia,814.3
101,65,Venezia,Palermo,819.1
101,1,Venezia,Agrigento,910.1
101,20,Venezia,Caltanissetta,895.9
101,24,Venezia,Catania,911.6
101,32,Venezia,Enna,890.7
101,56,Venezia,Messina,849.1
101,77,Venezia,Ragusa,967.8
101,89,Venezia,Siracusa,962.6
101,95,Venezia,Trapani,825.6
101,19,Venezia,Cagliari,739.3
101,62,Venezia,Nuoro,619.1
101,63,Venezia,Oristano,686.5
101,86,Venezia,Sassari,606.5
101,22,Venezia,Carbonia,764
11,64,Belluno,Padova,85.6
11,84,Belluno,Rovigo,123.5
11,97,Belluno,Treviso,52.5
11,104,Belluno,Verona,122.9
11,106,Belluno,Vicenza,84.5
11,98,Belluno,Trieste,132.4
11,40,Belluno,Gorizia,110.6
11,74,Belluno,Pordenone,39.7
11,99,Belluno,Udine,78.8
11,39,Belluno,Genova,320.4
11,42,Belluno,Imperia,412.7
11,45,Belluno,La Spezia,294.2
11,87,Belluno,Savona,356.6
11,15,Belluno,Bologna,195.2
11,34,Belluno,Ferrara,152
11,37,Belluno,Forli,213.5
11,58,Belluno,Modena,194.2
11,66,Belluno,Parma,209.4
11,71,Belluno,Piacenza,230.6
11,78,Belluno,Ravenna,191.3
11,80,Belluno,Reggio Emilia,202.5
11,82,Belluno,Rimini,232
11,35,Belluno,Firenze,274.1
11,5,Belluno,Arezzo,298.7
11,41,Belluno,Grosseto,385.4
11,49,Belluno,Livorno,324.9
11,51,Belluno,Lucca,288.5
11,54,Belluno,Massa,285.2
11,72,Belluno,Pisa,304.3
11,73,Belluno,Pistoia,266.3
11,76,Belluno,Prato,266.3
11,88,Belluno,Siena,321.3
11,68,Belluno,Perugia,337
11,93,Belluno,Terni,399
11,3,Belluno,Ancona,298.7
11,6,Belluno,Ascoli Piceno,380.8
11,33,Belluno,Fermo,351.8
11,52,Belluno,Macerata,330.6
11,69,Belluno,Pesaro,253.6
11,83,Belluno,Roma,471.6
11,38,Belluno,Frosinone,508.5
11,46,Belluno,Latina,522.3
11,81,Belluno,Rieti,418.4
11,107,Belluno,Viterbo,413.5
11,44,Belluno,L'Aquila,431.7
11,26,Belluno,Chieti,448.8
11,70,Belluno,Pescara,438.7
11,92,Belluno,Teramo,404.2
11,21,Belluno,Campobasso,545.5
11,43,Belluno,Isernia,530.3
11,60,Belluno,Napoli,610.7
11,8,Belluno,Avellino,616.8
11,12,Belluno,Benevento,593.9
11,23,Belluno,Caserta,588.5
11,85,Belluno,Salerno,640.7
11,9,Belluno,Bari,672.1
11,10,Belluno,Barletta,626.8
11,18,Belluno,Brindisi,766.9
11,36,Belluno,Foggia,584.4
11,47,Belluno,Lecce,803.8
11,91,Belluno,Taranto,750.5
11,75,Belluno,Potenza,676.5
11,55,Belluno,Matera,703.9
11,25,Belluno,Catanzaro,879.7
11,28,Belluno,Cosenza,828.8
11,30,Belluno,Crotone,881.3
11,79,Belluno,Reggio Calabria,936.1
11,105,Belluno,Vibo Valentia,888.7
11,65,Belluno,Palermo,897.1
11,1,Belluno,Agrigento,988
11,20,Belluno,Caltanissetta,973.7
11,24,Belluno,Catania,988.5
11,32,Belluno,Enna,968.4
11,56,Belluno,Messina,925
11,77,Belluno,Ragusa,1045.2
11,89,Belluno,Siracusa,1039.4
11,95,Belluno,Trapani,903.4
11,19,Belluno,Cagliari,809.3
11,62,Belluno,Nuoro,687.9
11,63,Belluno,Oristano,753
11,86,Belluno,Sassari,670.4
11,22,Belluno,Carbonia,831.8
64,84,Padova,Rovigo,38
64,97,Padova,Treviso,40.7
64,104,Padova,Verona,69.2
64,106,Padova,Vicenza,30.8
64,98,Padova,Trieste,150.5
64,40,Padova,Gorizia,148.1
64,74,Padova,Pordenone,86.3
64,99,Padova,Udine,128.7
64,39,Padova,Genova,256.2
64,42,Padova,Imperia,347.2
64,45,Padova,La Spezia,217.5
64,87,Padova,Savona,294.4
64,15,Padova,Bologna,109.7
64,34,Padova,Ferrara,66.4
64,37,Padova,Forli,132.3
64,58,Padova,Modena,112.8
64,66,Padova,Parma,138.9
64,71,Padova,Piacenza,175.4
64,78,Padova,Ravenna,112.8
64,80,Padova,Reggio Emilia,125.7
64,82,Padova,Rimini,158.6
64,35,Padova,Firenze,188.5
64,5,Padova,Arezzo,216.1
64,41,Padova,Grosseto,300.1
64,49,Padova,Livorno,241.1
64,51,Padova,Lucca,204.8
64,54,Padova,Massa,205.1
64,72,Padova,Pisa,220.7
64,73,Padova,Pistoia,181.1
64,76,Padova,Prato,180.7
64,88,Padova,Siena,236.2
64,68,Padova,Perugia,258.5
64,93,Padova,Terni,322
64,3,Padova,Ancona,237.9
64,6,Padova,Ascoli Piceno,314.5
64,33,Padova,Fermo,289.5
64,52,Padova,Macerata,265.8
64,69,Padova,Pesaro,185.3
64,83,Padova,Roma,392.8
64,38,Padova,Frosinone,435.4
64,46,Padova,Latina,445.7
64,81,Padova,Rieti,342.9
64,107,Padova,Viterbo,332.5
64,44,Padova,L'Aquila,361.1
64,26,Padova,Chieti,386.1
64,70,Padova,Pescara,377.2
64,92,Padova,Teramo,338.2
64,21,Padova,Campobasso,483.1
64,43,Padova,Isernia,464.3
64,60,Padova,Napoli,542.3
64,8,Padova,Avellino,552.5
64,12,Padova,Benevento,530.5
64,23,Padova,Caserta,521.3
64,85,Padova,Salerno,575.3
64,9,Padova,Bari,625.1
64,10,Padova,Barletta,576.5
64,18,Padova,Brindisi,724.1
64,36,Padova,Foggia,529.1
64,47,Padova,Lecce,760.6
64,91,Padova,Taranto,701.9
64,75,Padova,Potenza,618.6
64,55,Padova,Matera,652
64,25,Padova,Catanzaro,819.8
64,28,Padova,Cosenza,768.2
64,30,Padova,Crotone,825.1
64,79,Padova,Reggio Calabria,869.1
64,105,Padova,Vibo Valentia,825.4
64,65,Padova,Palermo,819.9
64,1,Padova,Agrigento,911.2
64,20,Padova,Caltanissetta,898.8
64,24,Padova,Catania,917.8
64,32,Padova,Enna,894.4
64,56,Padova,Messina,857.7
64,77,Padova,Ragusa,972.4
64,89,Padova,Siracusa,969
64,95,Padova,Trapani,823.4
64,19,Padova,Cagliari,723.7
64,62,Padova,Nuoro,602.4
64,63,Padova,Oristano,667.9
64,86,Padova,Sassari,586.1
64,22,Padova,Carbonia,746.5
84,97,Rovigo,Treviso,75.2
84,104,Rovigo,Verona,74.8
84,106,Rovigo,Vicenza,56.5
84,98,Rovigo,Trieste,168.1
84,40,Rovigo,Gorizia,172.5
84,74,Rovigo,Pordenone,119.7
84,99,Rovigo,Udine,158.2
84,39,Rovigo,Genova,236.4
84,42,Rovigo,Imperia,325.2
84,45,Rovigo,La Spezia,189.2
84,87,Rovigo,Savona,275.2
84,15,Rovigo,Bologna,73
84,34,Rovigo,Ferrara,29.1
84,37,Rovigo,Forli,96.3
84,58,Rovigo,Modena,82.8
84,66,Rovigo,Parma,118.9
84,71,Rovigo,Piacenza,164.7
84,78,Rovigo,Ravenna,79.4
84,80,Rovigo,Reggio Emilia,100.3
84,82,Rovigo,Rimini,127.4
84,35,Rovigo,Firenze,150.7
84,5,Rovigo,Arezzo,178.8
84,41,Rovigo,Grosseto,262.1
84,49,Rovigo,Livorno,206.1
84,51,Rovigo,Lucca,170.2
84,54,Rovigo,Massa,174.2
84,72,Rovigo,Pisa,186
84,73,Rovigo,Pistoia,144.7
84,76,Rovigo,Prato,143.4
84,88,Rovigo,Siena,198.1
84,68,Rovigo,Perugia,223.1
84,93,Rovigo,Terni,286.9
84,3,Rovigo,Ancona,212.2
84,6,Rovigo,Ascoli Piceno,284.8
84,33,Rovigo,Fermo,262.2
84,52,Rovigo,Macerata,237.4
84,69,Rovigo,Pesaro,156.6
84,83,Rovigo,Roma,356.7
84,38,Rovigo,Frosinone,401.7
84,46,Rovigo,Latina,410.6
84,81,Rovigo,Rieti,308.5
84,107,Rovigo,Viterbo,295.7
84,44,Rovigo,L'Aquila,328.9
84,26,Rovigo,Chieti,357.5
84,70,Rovigo,Pescara,349.3
84,92,Rovigo,Teramo,308.4
84,21,Rovigo,Campobasso,454.1
84,43,Rovigo,Isernia,433.8
84,60,Rovigo,Napoli,510.5
84,8,Rovigo,Avellino,522.4
84,12,Rovigo,Benevento,500.9
84,23,Rovigo,Caserta,490
84,85,Rovigo,Salerno,544.8
84,9,Rovigo,Bari,602.6
84,10,Rovigo,Barletta,552.7
84,18,Rovigo,Brindisi,703.1
84,36,Rovigo,Foggia,503.2
84,47,Rovigo,Lecce,739.4
84,91,Rovigo,Taranto,678.4
84,75,Rovigo,Potenza,591.2
84,55,Rovigo,Matera,627.2
84,25,Rovigo,Catanzaro,791.1
84,28,Rovigo,Cosenza,739.4
84,30,Rovigo,Crotone,798
84,79,Rovigo,Reggio Calabria,837.3
84,105,Rovigo,Vibo Valentia,795.2
84,65,Rovigo,Palermo,784.2
84,1,Rovigo,Agrigento,875.5
84,20,Rovigo,Caltanissetta,863.9
84,24,Rovigo,Catania,884.5
84,32,Rovigo,Enna,859.7
84,56,Rovigo,Messina,825.8
84,77,Rovigo,Ragusa,938.2
84,89,Rovigo,Siracusa,935.7
84,95,Rovigo,Trapani,786.6
84,19,Rovigo,Cagliari,686.2
84,62,Rovigo,Nuoro,565
84,63,Rovigo,Oristano,631.2
84,86,Rovigo,Sassari,550.1
84,22,Rovigo,Carbonia,709.4
97,104,Treviso,Verona,100.7
97,106,Treviso,Vicenza,56.7
97,98,Treviso,Trieste,119.2
97,40,Treviso,Gorizia,111.2
97,74,Treviso,Pordenone,45.7
97,99,Treviso,Udine,89
97,39,Treviso,Genova,294.5
97,42,Treviso,Imperia,386.1
97,45,Treviso,La Spezia,258
97,87,Treviso,Savona,332.4
97,15,Treviso,Bologna,148.3
97,34,Treviso,Ferrara,104.3
97,37,Treviso,Forli,161.4
97,58,Treviso,Modena,153.4
97,66,Treviso,Parma,178.2
97,71,Treviso,Piacenza,210.6
97,78,Treviso,Ravenna,138.9
97,80,Treviso,Reggio Emilia,166.1
97,82,Treviso,Rimini,179.7
97,35,Treviso,Firenze,224.9
97,5,Treviso,Arezzo,246.7
97,41,Treviso,Grosseto,335.2
97,49,Treviso,Livorno,280.8
97,51,Treviso,Lucca,244.7
97,54,Treviso,Massa,245.8
97,72,Treviso,Pisa,260.6
97,73,Treviso,Pistoia,220
97,76,Treviso,Prato,218.4
97,88,Treviso,Siena,270.9
97,68,Treviso,Perugia,284.5
97,93,Treviso,Terni,346.5
97,3,Treviso,Ancona,249.4
97,6,Treviso,Ascoli Piceno,330.3
97,33,Treviso,Fermo,302.3
97,52,Treviso,Macerata,280.3
97,69,Treviso,Pesaro,202.2
97,83,Treviso,Roma,419
97,38,Treviso,Frosinone,456.6
97,46,Treviso,Latina,470
97,81,Treviso,Rieti,366.1
97,107,Treviso,Viterbo,361.1
97,44,Treviso,L'Aquila,380.3
97,26,Treviso,Chieti,399.4
97,70,Treviso,Pescara,389.7
97,92,Treviso,Teramo,353.8
97,21,Treviso,Campobasso,496.4
97,43,Treviso,Isernia,480.1
97,60,Treviso,Napoli,559.9
97,8,Treviso,Avellino,567.2
97,12,Treviso,Benevento,544.6
97,23,Treviso,Caserta,538
97,85,Treviso,Salerno,590.8
97,9,Treviso,Bari,628.9
97,10,Treviso,Barletta,582.2
97,18,Treviso,Brindisi,725.6
97,36,Treviso,Foggia,537.8
97,47,Treviso,Lecce,762.4
97,91,Treviso,Taranto,706.7
97,75,Treviso,Potenza,629.1
97,55,Treviso,Matera,658.8
97,25,Treviso,Catanzaro,831.7
97,28,Treviso,Cosenza,780.5
97,30,Treviso,Crotone,834.6
97,79,Treviso,Reggio Calabria,885.9
97,105,Treviso,Vibo Valentia,839.6
97,65,Treviso,Palermo,844.7
97,1,Treviso,Agrigento,935.7
97,20,Treviso,Caltanissetta,921.7
97,24,Treviso,Catania,937.3
97,32,Treviso,Enna,916.5
97,56,Treviso,Messina,874.7
97,77,Treviso,Ragusa,993.6
97,89,Treviso,Siracusa,988.3
97,95,Treviso,Trapani,850.9
97,19,Treviso,Cagliari,760.7
97,62,Treviso,Nuoro,639.9
97,63,Treviso,Oristano,706.4
97,86,Treviso,Sassari,625.3
97,22,Treviso,Carbonia,784.4
104,106,Verona,Vicenza,44
104,98,Verona,Trieste,218.2
104,40,Verona,Gorizia,211.8
104,74,Verona,Pordenone,141.9
104,99,Verona,Udine,187.7
104,39,Verona,Genova,197.8
104,42,Verona,Imperia,290.1
104,45,Verona,La Spezia,174.8
104,87,Verona,Savona,234.6
104,15,Verona,Bologna,108.5
104,34,Verona,Ferrara,83
104,37,Verona,Forli,158.5
104,58,Verona,Modena,88.1
104,66,Verona,Parma,87.9
104,71,Verona,Piacenza,110.3
104,78,Verona,Ravenna,148.2
104,80,Verona,Reggio Emilia,87.1
104,82,Verona,Rimini,196.8
104,35,Verona,Firenze,186.7
104,5,Verona,Arezzo,230.7
104,41,Verona,Grosseto,297.6
104,49,Verona,Livorno,217
104,51,Verona,Lucca,181.5
104,54,Verona,Massa,169.9
104,72,Verona,Pisa,196.4
104,73,Verona,Pistoia,167.8
104,76,Verona,Prato,173.8
104,88,Verona,Siena,237.2
104,68,Verona,Perugia,281.8
104,93,Verona,Terni,345.8
104,3,Verona,Ancona,284.9
104,6,Verona,Ascoli Piceno,353.6
104,33,Verona,Fermo,333.5
104,52,Verona,Macerata,308
104,69,Verona,Pesaro,227.9
104,83,Verona,Roma,411.3
104,38,Verona,Frosinone,463.2
104,46,Verona,Latina,467.7
104,81,Verona,Rieti,368.9
104,107,Verona,Viterbo,347.2
104,44,Verona,L'Aquila,393.9
104,26,Verona,Chieti,427.2
104,70,Verona,Pescara,419.7
104,92,Verona,Teramo,377
104,21,Verona,Campobasso,523
104,43,Verona,Isernia,500.8
104,60,Verona,Napoli,575
104,8,Verona,Avellino,589.7
104,12,Verona,Benevento,568.8
104,23,Verona,Caserta,555.6
104,85,Verona,Salerno,611.2
104,9,Verona,Bari,676
104,10,Verona,Barletta,625.6
104,18,Verona,Brindisi,777
104,36,Verona,Foggia,574.7
104,47,Verona,Lecce,813.2
104,91,Verona,Taranto,751.3
104,75,Verona,Potenza,661.3
104,55,Verona,Matera,699.3
104,25,Verona,Catanzaro,859.5
104,28,Verona,Cosenza,807.7
104,30,Verona,Crotone,868.2
104,79,Verona,Reggio Calabria,901.2
104,105,Verona,Vibo Valentia,861.7
104,65,Verona,Palermo,837.5
104,1,Verona,Agrigento,929
104,20,Verona,Caltanissetta,919.9
104,24,Verona,Catania,945.1
104,32,Verona,Enna,916.9
104,56,Verona,Messina,889.5
104,77,Verona,Ragusa,996.4
104,89,Verona,Siracusa,996.4
104,95,Verona,Trapani,835
104,19,Verona,Cagliari,707.9
104,62,Verona,Nuoro,585
104,63,Verona,Oristano,645.7
104,86,Verona,Sassari,560
104,22,Verona,Carbonia,726.2
106,98,Vicenza,Trieste,174.8
106,40,Vicenza,Gorizia,167.8
106,74,Vicenza,Pordenone,98.6
106,99,Vicenza,Udine,144.1
106,39,Vicenza,Genova,239.9
106,42,Vicenza,Imperia,331.9
106,45,Vicenza,La Spezia,209.7
106,87,Vicenza,Savona,277.2
106,15,Vicenza,Bologna,117.8
106,34,Vicenza,Ferrara,79
106,37,Vicenza,Forli,152.4
106,58,Vicenza,Modena,110.8
106,66,Vicenza,Parma,125.7
106,71,Vicenza,Piacenza,154.1
106,78,Vicenza,Ravenna,135.9
106,80,Vicenza,Reggio Emilia,118
106,82,Vicenza,Rimini,183.4
106,35,Vicenza,Firenze,198.7
106,5,Vicenza,Arezzo,233.1
106,41,Vicenza,Grosseto,311.2
106,49,Vicenza,Livorno,242.3
106,51,Vicenza,Lucca,206
106,54,Vicenza,Massa,200.8
106,72,Vicenza,Pisa,221.6
106,73,Vicenza,Pistoia,186.3
106,76,Vicenza,Prato,188.6
106,88,Vicenza,Siena,248.1
106,68,Vicenza,Perugia,279.2
106,93,Vicenza,Terni,343.2
106,3,Vicenza,Ancona,265.9
106,6,Vicenza,Ascoli Piceno,340.6
106,33,Vicenza,Fermo,316.9
106,52,Vicenza,Macerata,292.6
106,69,Vicenza,Pesaro,211.8
106,83,Vicenza,Roma,412.3
106,38,Vicenza,Frosinone,458.2
106,46,Vicenza,Latina,466.7
106,81,Vicenza,Rieti,364.9
106,107,Vicenza,Viterbo,350.5
106,44,Vicenza,L'Aquila,385.4
106,26,Vicenza,Chieti,412.9
106,70,Vicenza,Pescara,404.4
106,92,Vicenza,Teramo,364.2
106,21,Vicenza,Campobasso,509.7
106,43,Vicenza,Isernia,489.9
106,60,Vicenza,Napoli,566.9
106,8,Vicenza,Avellino,578.4
106,12,Vicenza,Benevento,556.7
106,23,Vicenza,Caserta,546.3
106,85,Vicenza,Salerno,600.9
106,9,Vicenza,Bari,654.5
106,10,Vicenza,Barletta,605.5
106,18,Vicenza,Brindisi,753.9
106,36,Vicenza,Foggia,557.3
106,47,Vicenza,Lecce,790.4
106,91,Vicenza,Taranto,731
106,75,Vicenza,Potenza,646.1
106,55,Vicenza,Matera,680.6
106,25,Vicenza,Catanzaro,846.6
106,28,Vicenza,Cosenza,795
106,30,Vicenza,Crotone,852.8
106,79,Vicenza,Reggio Calabria,893.8
106,105,Vicenza,Vibo Valentia,851.3
106,65,Vicenza,Palermo,839.8
106,1,Vicenza,Agrigento,931.2
106,20,Vicenza,Caltanissetta,920
106,24,Vicenza,Catania,941
106,32,Vicenza,Enna,916
106,56,Vicenza,Messina,882.3
106,77,Vicenza,Ragusa,994.6
106,89,Vicenza,Siracusa,992.3
106,95,Vicenza,Trapani,841.1
106,19,Vicenza,Cagliari,730.3
106,62,Vicenza,Nuoro,608.1
106,63,Vicenza,Oristano,671.6
106,86,Vicenza,Sassari,587.8
106,22,Vicenza,Carbonia,751.1
98,40,Trieste,Gorizia,34.6
98,74,Trieste,Pordenone,93
98,99,Trieste,Udine,62.9
98,39,Trieste,Genova,404
98,42,Trieste,Imperia,493.2
98,45,Trieste,La Spezia,355.7
98,87,Trieste,Savona,442.6
98,15,Trieste,Bologna,230.2
98,34,Trieste,Ferrara,191.5
98,37,Trieste,Forli,209.4
98,58,Trieste,Modena,249.8
98,66,Trieste,Parma,286.1
98,71,Trieste,Piacenza,325.9
98,78,Trieste,Ravenna,184.4
98,80,Trieste,Reggio Emilia,268.4
98,82,Trieste,Rimini,200
98,35,Trieste,Firenze,288.7
98,5,Trieste,Arezzo,285.8
98,41,Trieste,Grosseto,384.8
98,49,Trieste,Livorno,360.3
98,51,Trieste,Lucca,327.1
98,54,Trieste,Massa,338.3
98,72,Trieste,Pisa,342.1
98,73,Trieste,Pistoia,296.3
98,76,Trieste,Prato,288.8
98,88,Trieste,Siena,323.7
98,68,Trieste,Perugia,303
98,93,Trieste,Terni,354.9
98,3,Trieste,Ancona,227.1
98,6,Trieste,Ascoli Piceno,311.3
98,33,Trieste,Fermo,276.8
98,52,Trieste,Macerata,262.7
98,69,Trieste,Pesaro,204.8
98,83,Trieste,Roma,429.1
98,38,Trieste,Frosinone,447.2
98,46,Trieste,Latina,470.3
98,81,Trieste,Rieti,368.2
98,107,Trieste,Viterbo,383
98,44,Trieste,L'Aquila,368.1
98,26,Trieste,Chieti,368
98,70,Trieste,Pescara,356.2
98,92,Trieste,Teramo,332.3
98,21,Trieste,Campobasso,460.3
98,43,Trieste,Isernia,452.2
98,60,Trieste,Napoli,535
98,8,Trieste,Avellino,532.9
98,12,Trieste,Benevento,509.1
98,23,Trieste,Caserta,510.9
98,85,Trieste,Salerno,558.1
98,9,Trieste,Bari,562.5
98,10,Trieste,Barletta,521.7
98,18,Trieste,Brindisi,652
98,36,Trieste,Foggia,486.9
98,47,Trieste,Lecce,688.9
98,91,Trieste,Taranto,641.6
98,75,Trieste,Potenza,580.7
98,55,Trieste,Matera,599.6
98,25,Trieste,Catanzaro,784.1
98,28,Trieste,Cosenza,734.8
98,30,Trieste,Crotone,780.4
98,79,Trieste,Reggio Calabria,852.3
98,105,Trieste,Vibo Valentia,798.6
98,65,Trieste,Palermo,838.4
98,1,Trieste,Agrigento,927.3
98,20,Trieste,Caltanissetta,907.6
98,24,Trieste,Catania,911.8
98,32,Trieste,Enna,899.9
98,56,Trieste,Messina,841.9
98,77,Trieste,Ragusa,973.1
98,89,Trieste,Siracusa,961.6
98,95,Trieste,Trapani,854.8
98,19,Trieste,Cagliari,809.9
98,62,Trieste,Nuoro,694
98,63,Trieste,Oristano,765.9
98,86,Trieste,Sassari,691.7
98,22,Trieste,Carbonia,839.6
40,74,Gorizia,Pordenone,74.4
40,99,Gorizia,Udine,33.2
40,39,Gorizia,Genova,404.3
40,42,Gorizia,Imperia,495.1
40,45,Gorizia,La Spezia,361.8
40,87,Gorizia,Savona,442.5
40,15,Gorizia,Bologna,240.3
40,34,Gorizia,Ferrara,198.8
40,37,Gorizia,Forli,227.9
40,58,Gorizia,Modena,255.4
40,66,Gorizia,Parma,286.8
40,71,Gorizia,Piacenza,321.7
40,78,Gorizia,Ravenna,202.6
40,80,Gorizia,Reggio Emilia,271.7
40,82,Gorizia,Rimini,224.2
40,35,Gorizia,Firenze,305.1
40,5,Gorizia,Arezzo,308
40,41,Gorizia,Grosseto,405.8
40,49,Gorizia,Livorno,373
40,51,Gorizia,Lucca,338.5
40,54,Gorizia,Massa,346.3
40,72,Gorizia,Pisa,354
40,73,Gorizia,Pistoia,309.2
40,76,Gorizia,Prato,303.4
40,88,Gorizia,Siena,343.4
40,68,Gorizia,Perugia,329.5
40,93,Gorizia,Terni,383.6
40,3,Gorizia,Ancona,258.7
40,6,Gorizia,Ascoli Piceno,343.4
40,33,Gorizia,Fermo,309.3
40,52,Gorizia,Macerata,294.2
40,69,Gorizia,Pesaro,232.4
40,83,Gorizia,Roma,458
40,38,Gorizia,Frosinone,478.8
40,46,Gorizia,Latina,500.8
40,81,Gorizia,Rieti,398
40,107,Gorizia,Viterbo,409.7
40,44,Gorizia,L'Aquila,399.8
40,26,Gorizia,Chieti,401.5
40,70,Gorizia,Pescara,389.8
40,92,Gorizia,Teramo,364.8
40,21,Gorizia,Campobasso,494.3
40,43,Gorizia,Isernia,485.7
40,60,Gorizia,Napoli,568.3
40,8,Gorizia,Avellino,566.9
40,12,Gorizia,Benevento,543.1
40,23,Gorizia,Caserta,544.4
40,85,Gorizia,Salerno,592.1
40,9,Gorizia,Bari,596.9
40,10,Gorizia,Barletta,556.2
40,18,Gorizia,Brindisi,685.8
40,36,Gorizia,Foggia,521.5
40,47,Gorizia,Lecce,722.8
40,91,Gorizia,Taranto,676
40,75,Gorizia,Potenza,615.3
40,55,Gorizia,Matera,634.1
40,25,Gorizia,Catanzaro,818.7
40,28,Gorizia,Cosenza,769.3
40,30,Gorizia,Crotone,815
40,79,Gorizia,Reggio Calabria,886.5
40,105,Gorizia,Vibo Valentia,833.1
40,65,Gorizia,Palermo,870.5
40,1,Gorizia,Agrigento,959.7
40,20,Gorizia,Caltanissetta,940.5
40,24,Gorizia,Catania,945.5
40,32,Gorizia,Enna,932.9
40,56,Gorizia,Messina,876.1
40,77,Gorizia,Ragusa,1006.6
40,89,Gorizia,Siracusa,995.5
40,95,Gorizia,Trapani,885.6
40,19,Gorizia,Cagliari,832.6
40,62,Gorizia,Nuoro,715.3
40,63,Gorizia,Oristano,786
40,86,Gorizia,Sassari,709.8
40,22,Gorizia,Carbonia,860.9
74,99,Pordenone,Udine,46.1
74,39,Pordenone,Genova,338.3
74,42,Pordenone,Imperia,430.2
74,45,Pordenone,La Spezia,303.6
74,87,Pordenone,Savona,375.8
74,15,Pordenone,Bologna,192.6
74,34,Pordenone,Ferrara,148.6
74,37,Pordenone,Forli,198.9
74,58,Pordenone,Modena,199.1
74,66,Pordenone,Parma,222.9
74,71,Pordenone,Piacenza,252.1
74,78,Pordenone,Ravenna,174.8
74,80,Pordenone,Reggio Emilia,211.6
74,82,Pordenone,Rimini,210.2
74,35,Pordenone,Firenze,267.2
74,5,Pordenone,Arezzo,284.1
74,41,Pordenone,Grosseto,375.8
74,49,Pordenone,Livorno,325.8
74,51,Pordenone,Lucca,289.8
74,54,Pordenone,Massa,291.4
74,72,Pordenone,Pisa,305.6
74,73,Pordenone,Pistoia,264.2
74,76,Pordenone,Prato,261.7
74,88,Pordenone,Siena,311.6
74,68,Pordenone,Perugia,317.2
74,93,Pordenone,Terni,377.3
74,3,Pordenone,Ancona,269
74,6,Pordenone,Ascoli Piceno,352.6
74,33,Pordenone,Fermo,322
74,52,Pordenone,Macerata,302.2
74,69,Pordenone,Pesaro,228.2
74,83,Pordenone,Roma,451
74,38,Pordenone,Frosinone,483.2
74,46,Pordenone,Latina,499.6
74,81,Pordenone,Rieti,395.3
74,107,Pordenone,Viterbo,395.7
74,44,Pordenone,L'Aquila,405.4
74,26,Pordenone,Chieti,418.5
74,70,Pordenone,Pescara,407.9
74,92,Pordenone,Teramo,375.7
74,21,Pordenone,Campobasso,514.6
74,43,Pordenone,Isernia,501
74,60,Pordenone,Napoli,582.3
74,8,Pordenone,Avellino,586.4
74,12,Pordenone,Benevento,563.3
74,23,Pordenone,Caserta,559.6
74,85,Pordenone,Salerno,610.7
74,9,Pordenone,Bari,636.1
74,10,Pordenone,Barletta,591.6
74,18,Pordenone,Brindisi,729.8
74,36,Pordenone,Foggia,550.8
74,47,Pordenone,Lecce,766.8
74,91,Pordenone,Taranto,714.7
74,75,Pordenone,Potenza,643.5
74,55,Pordenone,Matera,669
74,25,Pordenone,Catanzaro,847
74,28,Pordenone,Cosenza,796.4
74,30,Pordenone,Crotone,847.4
74,79,Pordenone,Reggio Calabria,906.4
74,105,Pordenone,Vibo Valentia,857.4
74,65,Pordenone,Palermo,873.8
74,1,Pordenone,Agrigento,964.4
74,20,Pordenone,Caltanissetta,948.6
74,24,Pordenone,Catania,960.6
74,32,Pordenone,Enna,942.6
74,56,Pordenone,Messina,895.5
74,77,Pordenone,Ragusa,1018.6
74,89,Pordenone,Siracusa,1011.3
74,95,Pordenone,Trapani,882.9
74,19,Pordenone,Cagliari,802.6
74,62,Pordenone,Nuoro,682.4
74,63,Pordenone,Oristano,749.8
74,86,Pordenone,Sassari,669.5
74,22,Pordenone,Carbonia,827.3
99,39,Udine,Genova,383.4
99,42,Udine,Imperia,475
99,45,Udine,La Spezia,345.8
99,87,Udine,Savona,421.1
99,15,Udine,Bologna,229.4
99,34,Udine,Ferrara,186.2
99,37,Udine,Forli,225.8
99,58,Udine,Modena,240
99,66,Udine,Parma,267.1
99,71,Udine,Piacenza,298
99,78,Udine,Ravenna,200.7
99,80,Udine,Reggio Emilia,254.3
99,82,Udine,Rimini,228.8
99,35,Udine,Firenze,299.6
99,5,Udine,Arezzo,309.1
99,41,Udine,Grosseto,404.5
99,49,Udine,Livorno,363.1
99,51,Udine,Lucca,327.7
99,54,Udine,Massa,332.2
99,72,Udine,Pisa,343.4
99,73,Udine,Pistoia,300.2
99,76,Udine,Prato,296
99,88,Udine,Siena,341
99,68,Udine,Perugia,335.9
99,93,Udine,Terni,392.8
99,3,Udine,Ancona,273.9
99,6,Udine,Ascoli Piceno,358.8
99,33,Udine,Fermo,325.9
99,52,Udine,Macerata,308.8
99,69,Udine,Pesaro,241.3
99,83,Udine,Roma,467.2
99,38,Udine,Frosinone,492.8
99,46,Udine,Latina,512.6
99,81,Udine,Rieti,408.8
99,107,Udine,Viterbo,415.7
99,44,Udine,L'Aquila,414
99,26,Udine,Chieti,420.2
99,70,Udine,Pescara,408.9
99,92,Udine,Teramo,381
99,21,Udine,Campobasso,514.5
99,43,Udine,Isernia,504
99,60,Udine,Napoli,586.3
99,8,Udine,Avellino,586.9
99,12,Udine,Benevento,563.4
99,23,Udine,Caserta,562.8
99,85,Udine,Salerno,611.8
99,9,Udine,Bari,623.7
99,10,Udine,Barletta,581.8
99,18,Udine,Brindisi,714.2
99,36,Udine,Foggia,545
99,47,Udine,Lecce,751.2
99,91,Udine,Taranto,702.8
99,75,Udine,Potenza,638.5
99,55,Udine,Matera,659.7
99,25,Udine,Catanzaro,842.2
99,28,Udine,Cosenza,792.3
99,30,Udine,Crotone,839.8
99,79,Udine,Reggio Calabria,907.1
99,105,Udine,Vibo Valentia,855.2
99,65,Udine,Palermo,884.7
99,1,Udine,Agrigento,974.5
99,20,Udine,Caltanissetta,956.6
99,24,Udine,Catania,964.4
99,32,Udine,Enna,949.7
99,56,Udine,Messina,896.4
99,77,Udine,Ragusa,1024.3
99,89,Udine,Siracusa,1014.6
99,95,Udine,Trapani,897.4
99,19,Udine,Cagliari,832.1
99,62,Udine,Nuoro,713.3
99,63,Udine,Oristano,782.4
99,86,Udine,Sassari,704.1
99,22,Udine,Carbonia,858.7
39,42,Genova,Imperia,92.3
39,45,Genova,La Spezia,77.6
39,87,Genova,Savona,38.8
39,15,Genova,Bologna,190.5
39,34,Genova,Ferrara,217
39,37,Genova,Forli,247
39,58,Genova,Modena,159.2
39,66,Genova,Parma,117.9
39,71,Genova,Piacenza,93.1
39,78,Genova,Ravenna,258.7
39,80,Genova,Reggio Emilia,137.3
39,82,Genova,Rimini,291.1
39,35,Genova,Firenze,197.5
39,5,Genova,Arezzo,257.2
39,41,Genova,Grosseto,252.5
39,49,Genova,Livorno,144.9
39,51,Genova,Lucca,139.5
39,54,Genova,Massa,103.6
39,72,Genova,Pisa,138.9
39,73,Genova,Pistoia,165.1
39,76,Genova,Prato,181.8
39,88,Genova,Siena,226.2
39,68,Genova,Perugia,311.8
39,93,Genova,Terni,361.7
39,3,Genova,Ancona,376
39,6,Genova,Ascoli Piceno,410.5
39,33,Genova,Fermo,407.3
39,52,Genova,Macerata,381.7
39,69,Genova,Pesaro,321.3
39,83,Genova,Roma,400.4
39,38,Genova,Frosinone,471.9
39,46,Genova,Latina,458.7
39,81,Genova,Rieti,386.3
39,107,Genova,Viterbo,337.5
39,44,Genova,L'Aquila,426.3
39,26,Genova,Chieti,479.7
39,70,Genova,Pescara,477.1
39,92,Genova,Teramo,429.3
39,21,Genova,Campobasso,562.2
39,43,Genova,Isernia,531.3
39,60,Genova,Napoli,587.7
39,8,Genova,Avellino,615.4
39,12,Genova,Benevento,599.5
39,23,Genova,Caserta,575
39,85,Genova,Salerno,631.3
39,9,Genova,Bari,742.7
39,10,Genova,Barletta,688.1
39,18,Genova,Brindisi,847.5
39,36,Genova,Foggia,628.7
39,47,Genova,Lecce,881.2
39,91,Genova,Taranto,809.4
39,75,Genova,Potenza,700.5
39,55,Genova,Matera,752.2
39,25,Genova,Catanzaro,880.4
39,28,Genova,Cosenza,829.3
39,30,Genova,Crotone,899.9
39,79,Genova,Reggio Calabria,895.8
39,105,Genova,Vibo Valentia,871.4
39,65,Genova,Palermo,790.5
39,1,Genova,Agrigento,879.4
39,20,Genova,Caltanissetta,880.5
39,24,Genova,Catania,923.4
39,32,Genova,Enna,881.9
39,56,Genova,Messina,883.5
39,77,Genova,Ragusa,963.3
39,89,Genova,Siracusa,973.8
39,95,Genova,Trapani,771
39,19,Genova,Cagliari,576.4
39,62,Genova,Nuoro,455.4
39,63,Genova,Oristano,501.2
39,86,Genova,Sassari,410.4
39,22,Genova,Carbonia,583.6
42,45,Imperia,La Spezia,144.7
42,87,Imperia,Savona,58.3
42,15,Imperia,Bologna,271.8
42,34,Imperia,Ferrara,303.5
42,37,Imperia,Forli,321.8
42,58,Imperia,Modena,244.7
42,66,Imperia,Parma,208.3
42,71,Imperia,Piacenza,184.2
42,78,Imperia,Ravenna,337.3
42,80,Imperia,Reggio Emilia,224.9
42,82,Imperia,Rimini,362.9
42,35,Imperia,Firenze,258.3
42,5,Imperia,Arezzo,312.4
42,41,Imperia,Grosseto,278.3
42,49,Imperia,Livorno,186.4
42,51,Imperia,Lucca,197.9
42,54,Imperia,Massa,168.8
42,72,Imperia,Pisa,190.4
42,73,Imperia,Pistoia,229.8
42,76,Imperia,Prato,245.4
42,88,Imperia,Siena,272.5
42,68,Imperia,Perugia,361.4
42,93,Imperia,Terni,401
42,3,Imperia,Ancona,441.1
42,6,Imperia,Ascoli Piceno,461.9
42,33,Imperia,Fermo,464.9
42,52,Imperia,Macerata,440.8
42,69,Imperia,Pesaro,390.6
42,83,Imperia,Roma,424.9
42,38,Imperia,Frosinone,500.5
42,46,Imperia,Latina,480.1
42,81,Imperia,Rieti,424.2
42,107,Imperia,Viterbo,368.1
42,44,Imperia,L'Aquila,467.4
42,26,Imperia,Chieti,525.8
42,70,Imperia,Pescara,525.3
42,92,Imperia,Teramo,478
42,21,Imperia,Campobasso,599.6
42,43,Imperia,Isernia,566.2
42,60,Imperia,Napoli,612.8
42,8,Imperia,Avellino,645.2
42,12,Imperia,Benevento,631.9
42,23,Imperia,Caserta,603.4
42,85,Imperia,Salerno,658.1
42,9,Imperia,Bari,786.4
42,10,Imperia,Barletta,731.3
42,18,Imperia,Brindisi,891
42,36,Imperia,Foggia,669.9
42,47,Imperia,Lecce,923
42,91,Imperia,Taranto,848.3
42,75,Imperia,Potenza,733.7
42,55,Imperia,Matera,790
42,25,Imperia,Catanzaro,901.9
42,28,Imperia,Cosenza,852.1
42,30,Imperia,Crotone,925.9
42,79,Imperia,Reggio Calabria,905
42,105,Imperia,Vibo Valentia,888
42,65,Imperia,Palermo,781.7
42,1,Imperia,Agrigento,867.6
42,20,Imperia,Caltanissetta,873.7
42,24,Imperia,Catania,924.5
42,32,Imperia,Enna,877.3
42,56,Imperia,Messina,892.7
42,77,Imperia,Ragusa,958.4
42,89,Imperia,Siracusa,973.7
42,95,Imperia,Trapani,754
42,19,Imperia,Cagliari,526.6
42,62,Imperia,Nuoro,410.9
42,63,Imperia,Oristano,445.3
42,86,Imperia,Sassari,354.3
42,22,Imperia,Carbonia,526.7
45,87,La Spezia,Savona,109.8
45,15,La Spezia,Bologna,128.5
45,34,La Spezia,Ferrara,164.3
45,37,La Spezia,Forli,177.3
45,58,La Spezia,Modena,106.4
45,66,La Spezia,Parma,87.4
45,71,La Spezia,Piacenza,106.2
45,78,La Spezia,Ravenna,192.7
45,80,La Spezia,Reggio Emilia,92.1
45,82,La Spezia,Rimini,219.3
45,35,La Spezia,Firenze,120.5
45,5,La Spezia,Arezzo,179.7
45,41,La Spezia,Grosseto,181.6
45,49,La Spezia,Livorno,72.9
45,51,La Spezia,Lucca,61.9
45,54,La Spezia,Massa,26.3
45,72,La Spezia,Pisa,62.6
45,73,La Spezia,Pistoia,88.8
45,76,La Spezia,Prato,105.3
45,88,La Spezia,Siena,149.2
45,68,La Spezia,Perugia,234.2
45,93,La Spezia,Terni,285
45,3,La Spezia,Ancona,301.1
45,6,La Spezia,Ascoli Piceno,332.9
45,33,La Spezia,Fermo,330.4
45,52,La Spezia,Macerata,305.1
45,69,La Spezia,Pesaro,248.1
45,83,La Spezia,Roma,327.1
45,38,La Spezia,Frosinone,396.9
45,46,La Spezia,Latina,385.9
45,81,La Spezia,Rieti,309.8
45,107,La Spezia,Viterbo,263
45,44,La Spezia,L'Aquila,349.1
45,26,La Spezia,Chieti,402.1
45,70,La Spezia,Pescara,399.5
45,92,La Spezia,Teramo,351.7
45,21,La Spezia,Campobasso,485.2
45,43,La Spezia,Isernia,454.7
45,60,La Spezia,Napoli,513.2
45,8,La Spezia,Avellino,539.6
45,12,La Spezia,Benevento,523.2
45,23,La Spezia,Caserta,499.6
45,85,La Spezia,Salerno,556.1
45,9,La Spezia,Bari,665.1
45,10,La Spezia,Barletta,610.5
45,18,La Spezia,Brindisi,769.9
45,36,La Spezia,Foggia,551.3
45,47,La Spezia,Lecce,803.6
45,91,La Spezia,Taranto,732
45,75,La Spezia,Potenza,623.9
45,55,La Spezia,Matera,675
45,25,La Spezia,Catanzaro,806.1
45,28,La Spezia,Cosenza,754.7
45,30,La Spezia,Crotone,824.4
45,79,La Spezia,Reggio Calabria,825.3
45,105,La Spezia,Vibo Valentia,798.4
45,65,La Spezia,Palermo,728.5
45,1,La Spezia,Agrigento,818.5
45,20,La Spezia,Caltanissetta,817
45,24,La Spezia,Catania,856.1
45,32,La Spezia,Enna,817.4
45,56,La Spezia,Messina,813.1
45,77,La Spezia,Ragusa,898.6
45,89,La Spezia,Siracusa,906.8
45,95,La Spezia,Trapani,713.7
45,19,La Spezia,Cagliari,545.6
45,62,La Spezia,Nuoro,422.5
45,63,La Spezia,Oristano,477.6
45,86,La Spezia,Sassari,389.6
45,22,La Spezia,Carbonia,559.3
87,15,Savona,Bologna,228.6
87,34,Savona,Ferrara,255.8
87,37,Savona,Forli,283.9
87,58,Savona,Modena,197.8
87,66,Savona,Parma,156.5
87,71,Savona,Piacenza,126.8
87,78,Savona,Ravenna,296.4
87,80,Savona,Reggio Emilia,176.1
87,82,Savona,Rimini,327.4
87,35,Savona,Firenze,230.1
87,5,Savona,Arezzo,288.4
87,41,Savona,Grosseto,273.2
87,49,Savona,Livorno,169.4
87,51,Savona,Lucca,170.3
87,54,Savona,Massa,136
87,72,Savona,Pisa,167.1
87,73,Savona,Pistoia,198.5
87,76,Savona,Prato,215
87,88,Savona,Siena,254
87,68,Savona,Perugia,341.6
87,93,Savona,Terni,388.2
87,3,Savona,Ancona,410.8
87,6,Savona,Ascoli Piceno,441.3
87,33,Savona,Fermo,439.9
87,52,Savona,Macerata,414.8
87,69,Savona,Pesaro,357
87,83,Savona,Roma,421.9
87,38,Savona,Frosinone,495.2
87,46,Savona,Latina,479.3
87,81,Savona,Rieti,412.5
87,107,Savona,Viterbo,360.8
87,44,Savona,L'Aquila,453.7
87,26,Savona,Chieti,509
87,70,Savona,Pescara,507.1
87,92,Savona,Teramo,459.3
87,21,Savona,Campobasso,588.8
87,43,Savona,Isernia,557
87,60,Savona,Napoli,610.1
87,8,Savona,Avellino,639.5
87,12,Savona,Benevento,624.5
87,23,Savona,Caserta,598.5
87,85,Savona,Salerno,654.4
87,9,Savona,Bari,771.7
87,10,Savona,Barletta,716.9
87,18,Savona,Brindisi,876.6
87,36,Savona,Foggia,656.8
87,47,Savona,Lecce,909.7
87,91,Savona,Taranto,836.9
87,75,Savona,Potenza,725.9
87,55,Savona,Matera,779.3
87,25,Savona,Catanzaro,902
87,28,Savona,Cosenza,851.3
87,30,Savona,Crotone,923.1
87,79,Savona,Reggio Calabria,912.9
87,105,Savona,Vibo Valentia,891.2
87,65,Savona,Palermo,800.4
87,1,Savona,Agrigento,888.2
87,20,Savona,Caltanissetta,891.3
87,24,Savona,Catania,937.4
87,32,Savona,Enna,893.6
87,56,Savona,Messina,900.6
87,77,Savona,Ragusa,975
87,89,Savona,Siracusa,987.4
87,95,Savona,Trapani,777.5
87,19,Savona,Cagliari,568
87,62,Savona,Nuoro,449
87,63,Savona,Oristano,489.7
87,86,Savona,Sassari,398.5
87,22,Savona,Carbonia,571.8
15,34,Bologna,Ferrara,44
15,37,Bologna,Forli,63.2
15,58,Bologna,Modena,37.1
15,66,Bologna,Parma,87.2
15,71,Bologna,Piacenza,144.2
15,78,Bologna,Ravenna,68.9
15,80,Bologna,Reggio Emilia,60.8
15,82,Bologna,Rimini,108.6
15,35,Bologna,Firenze,80.9
15,5,Bologna,Arezzo,122.5
15,41,Bologna,Grosseto,193.4
15,49,Bologna,Livorno,133.7
15,51,Bologna,Lucca,98.4
15,54,Bologna,Massa,108.6
15,72,Bologna,Pisa,114.1
15,73,Bologna,Pistoia,71.7
15,76,Bologna,Prato,71.3
15,88,Bologna,Siena,130.8
15,68,Bologna,Perugia,175.4
15,93,Bologna,Terni,239
15,3,Bologna,Ancona,199.5
15,6,Bologna,Ascoli Piceno,256
15,33,Bologna,Fermo,241.5
15,52,Bologna,Macerata,215.2
15,69,Bologna,Pesaro,141.1
15,83,Bologna,Roma,303
15,38,Bologna,Frosinone,356.9
15,46,Bologna,Latina,359.8
15,81,Bologna,Rieti,262.6
15,107,Bologna,Viterbo,238.8
15,44,Bologna,L'Aquila,290.6
15,26,Bologna,Chieti,329.9
15,70,Bologna,Pescara,323.8
15,92,Bologna,Teramo,278.5
15,21,Bologna,Campobasso,423.4
15,43,Bologna,Isernia,398.8
15,60,Bologna,Napoli,470.4
15,8,Bologna,Avellino,487.6
15,12,Bologna,Benevento,467.6
15,23,Bologna,Caserta,452
15,85,Bologna,Salerno,508.2
15,9,Bologna,Bari,586.7
15,10,Bologna,Barletta,534.3
15,18,Bologna,Brindisi,689.9
15,36,Bologna,Foggia,480.1
15,47,Bologna,Lecce,725.4
15,91,Bologna,Taranto,659.5
15,75,Bologna,Potenza,563.1
15,55,Bologna,Matera,605.4
15,25,Bologna,Catanzaro,758.1
15,28,Bologna,Cosenza,706.2
15,30,Bologna,Crotone,769.3
15,79,Bologna,Reggio Calabria,795.4
15,105,Bologna,Vibo Valentia,758.2
15,65,Bologna,Palermo,729
15,1,Bologna,Agrigento,820.5
15,20,Bologna,Caltanissetta,811.5
15,24,Bologna,Catania,837.7
15,32,Bologna,Enna,808.7
15,56,Bologna,Messina,783.6
15,77,Bologna,Ragusa,888.3
15,89,Bologna,Siracusa,889
15,95,Bologna,Trapani,727.1
15,19,Bologna,Cagliari,614.2
15,62,Bologna,Nuoro,492.7
15,63,Bologna,Oristano,558.3
15,86,Bologna,Sassari,477.1
15,22,Bologna,Carbonia,636.7
34,37,Ferrara,Forli,76.1
34,58,Ferrara,Modena,58.8
34,66,Ferrara,Parma,102
34,71,Ferrara,Piacenza,153.5
34,78,Ferrara,Ravenna,65.6
34,80,Ferrara,Reggio Emilia,79.7
34,82,Ferrara,Rimini,114.1
34,35,Ferrara,Firenze,122.3
34,5,Ferrara,Arezzo,154.2
34,41,Ferrara,Grosseto,234.2
34,49,Ferrara,Livorno,177.3
34,51,Ferrara,Lucca,141.6
34,54,Ferrara,Massa,147.6
34,72,Ferrara,Pisa,157.4
34,73,Ferrara,Pistoia,115.7
34,76,Ferrara,Prato,114.4
34,88,Ferrara,Siena,170.5
34,68,Ferrara,Perugia,201.7
34,93,Ferrara,Terni,265.9
34,3,Ferrara,Ancona,203.4
34,6,Ferrara,Ascoli Piceno,270.6
34,33,Ferrara,Fermo,250.9
34,52,Ferrara,Macerata,225.3
34,69,Ferrara,Pesaro,145.6
34,83,Ferrara,Roma,334
34,38,Ferrara,Frosinone,382.3
34,46,Ferrara,Latina,388.9
34,81,Ferrara,Rieti,288.3
34,107,Ferrara,Viterbo,271.6
34,44,Ferrara,L'Aquila,311.6
34,26,Ferrara,Chieti,344.2
34,70,Ferrara,Pescara,336.8
34,92,Ferrara,Teramo,294
34,21,Ferrara,Campobasso,440
34,43,Ferrara,Isernia,418
34,60,Ferrara,Napoli,492.9
34,8,Ferrara,Avellino,506.9
34,12,Ferrara,Benevento,485.9
34,23,Ferrara,Caserta,473.2
34,85,Ferrara,Salerno,528.6
34,9,Ferrara,Bari,594.5
34,10,Ferrara,Barletta,543.6
34,18,Ferrara,Brindisi,696.2
34,36,Ferrara,Foggia,492.1
34,47,Ferrara,Lecce,732.2
34,91,Ferrara,Taranto,669.2
34,75,Ferrara,Potenza,578.3
34,55,Ferrara,Matera,616.8
34,25,Ferrara,Catanzaro,776.6
34,28,Ferrara,Cosenza,724.8
34,30,Ferrara,Crotone,785.2
34,79,Ferrara,Reggio Calabria,819.5
34,105,Ferrara,Vibo Valentia,779.2
34,65,Ferrara,Palermo,761.4
34,1,Ferrara,Agrigento,852.8
34,20,Ferrara,Caltanissetta,842.1
34,24,Ferrara,Catania,864.8
34,32,Ferrara,Enna,838.5
34,56,Ferrara,Messina,807.9
34,77,Ferrara,Ragusa,917.4
34,89,Ferrara,Siracusa,916.1
34,95,Ferrara,Trapani,762.2
34,19,Ferrara,Cagliari,657.4
34,62,Ferrara,Nuoro,536.1
34,63,Ferrara,Oristano,602.1
34,86,Ferrara,Sassari,521
34,22,Ferrara,Carbonia,680.4
37,58,Forli,Modena,100.4
37,66,Forli,Parma,150.3
37,71,Forli,Piacenza,207.4
37,78,Forli,Ravenna,25.3
37,80,Forli,Reggio Emilia,123.8
37,82,Forli,Rimini,45.6
37,35,Forli,Firenze,80.5
37,5,Forli,Arezzo,85.4
37,41,Forli,Grosseto,178.7
37,49,Forli,Livorno,157.6
37,51,Forli,Lucca,129.6
37,54,Forli,Massa,153.2
37,72,Forli,Pisa,142.4
37,73,Forli,Pistoia,96.2
37,76,Forli,Prato,84.2
37,88,Forli,Siena,115.5
37,68,Forli,Perugia,126.8
37,93,Forli,Terni,190.8
37,3,Forli,Ancona,136.3
37,6,Forli,Ascoli Piceno,196.1
37,33,Forli,Fermo,179.3
37,52,Forli,Macerata,153.1
37,69,Forli,Pesaro,77.9
37,83,Forli,Roma,260.6
37,38,Forli,Frosinone,306.4
37,46,Forli,Latina,314.3
37,81,Forli,Rieti,212.7
37,107,Forli,Viterbo,200.4
37,44,Forli,L'Aquila,235.5
37,26,Forli,Chieti,270
37,70,Forli,Pescara,263.2
37,92,Forli,Teramo,219.2
37,21,Forli,Campobasso,365
37,43,Forli,Isernia,342.3
37,60,Forli,Napoli,416.9
37,8,Forli,Avellino,431.3
37,12,Forli,Benevento,410.5
37,23,Forli,Caserta,397.2
37,85,Forli,Salerno,452.7
37,9,Forli,Bari,524.5
37,10,Forli,Barletta,472.5
37,18,Forli,Brindisi,627.4
37,36,Forli,Foggia,419.2
37,47,Forli,Lecce,662.9
37,91,Forli,Taranto,597.9
37,75,Forli,Potenza,504
37,55,Forli,Matera,544.4
37,25,Forli,Catanzaro,701.2
37,28,Forli,Cosenza,649.4
37,30,Forli,Crotone,710.7
37,79,Forli,Reggio Calabria,743.4
37,105,Forli,Vibo Valentia,703.3
37,65,Forli,Palermo,688
37,1,Forli,Agrigento,779.3
37,20,Forli,Caltanissetta,767.6
37,24,Forli,Catania,789.1
37,32,Forli,Enna,763.6
37,56,Forli,Messina,731.8
37,77,Forli,Ragusa,842.2
37,89,Forli,Siracusa,840.4
37,95,Forli,Trapani,691.2
37,19,Forli,Cagliari,606.2
37,62,Forli,Nuoro,487.8
37,63,Forli,Oristano,558.1
37,86,Forli,Sassari,482.5
37,22,Forli,Carbonia,633.4
58,66,Modena,Parma,50.2
58,71,Modena,Piacenza,107.1
58,78,Modena,Ravenna,104.5
58,80,Modena,Reggio Emilia,24
58,82,Modena,Rimini,145.7
58,35,Modena,Firenze,101.1
58,5,Modena,Arezzo,152.1
58,41,Modena,Grosseto,210
58,49,Modena,Livorno,131.6
58,51,Modena,Lucca,95.4
58,54,Modena,Massa,92.4
58,72,Modena,Pisa,110.9
58,73,Modena,Pistoia,79.7
58,76,Modena,Prato,86.7
58,88,Modena,Siena,151.2
58,68,Modena,Perugia,207.3
58,93,Modena,Terni,269.8
58,3,Modena,Ancona,236.6
58,6,Modena,Ascoli Piceno,291.6
58,33,Modena,Fermo,278.2
58,52,Modena,Macerata,251.8
58,69,Modena,Pesaro,178.3
58,83,Modena,Roma,330.6
58,38,Modena,Frosinone,388
58,46,Modena,Latina,388.3
58,81,Modena,Rieti,294
58,107,Modena,Viterbo,265.3
58,44,Modena,L'Aquila,324.1
58,26,Modena,Chieti,365.4
58,70,Modena,Pescara,359.6
58,92,Modena,Teramo,313.9
58,21,Modena,Campobasso,458
58,43,Modena,Isernia,432.6
58,60,Modena,Napoli,502.5
58,8,Modena,Avellino,521.2
58,12,Modena,Benevento,501.6
58,23,Modena,Caserta,484.8
58,85,Modena,Salerno,541.2
58,9,Modena,Bari,623.3
58,10,Modena,Barletta,570.6
58,18,Modena,Brindisi,726.6
58,36,Modena,Foggia,515.9
58,47,Modena,Lecce,762
58,91,Modena,Taranto,695.6
58,75,Modena,Potenza,598
58,55,Modena,Matera,641.3
58,25,Modena,Catanzaro,791.7
58,28,Modena,Cosenza,739.8
58,30,Modena,Crotone,803.8
58,79,Modena,Reggio Calabria,826.3
58,105,Modena,Vibo Valentia,790.6
58,65,Modena,Palermo,754.1
58,1,Modena,Agrigento,845.4
58,20,Modena,Caltanissetta,838
58,24,Modena,Catania,866.7
58,32,Modena,Enna,835.8
58,56,Modena,Messina,814.4
58,77,Modena,Ragusa,915.9
58,89,Modena,Siracusa,918
58,95,Modena,Trapani,749.3
58,19,Modena,Cagliari,621.2
58,62,Modena,Nuoro,498.6
58,63,Modena,Oristano,561.1
58,86,Modena,Sassari,477
58,22,Modena,Carbonia,640.9
66,71,Parma,Piacenza,57.2
66,78,Parma,Ravenna,154.5
66,80,Parma,Reggio Emilia,26.5
66,82,Parma,Rimini,195.8
66,35,Parma,Firenze,136.5
66,5,Parma,Arezzo,193.6
66,41,Parma,Grosseto,235.2
66,49,Parma,Livorno,139.3
66,51,Parma,Lucca,107.5
66,54,Parma,Massa,86.5
66,72,Parma,Pisa,120.1
66,73,Parma,Pistoia,107.3
66,76,Parma,Prato,119.8
66,88,Parma,Siena,183.3
66,68,Parma,Perugia,250.2
66,93,Parma,Terni,310.7
66,3,Parma,Ancona,286.5
66,6,Parma,Ascoli Piceno,338.7
66,33,Parma,Fermo,326.9
66,52,Parma,Macerata,300.5
66,69,Parma,Pesaro,228.2
66,83,Parma,Roma,366.9
66,38,Parma,Frosinone,428.4
66,46,Parma,Latina,425.5
66,81,Parma,Rieti,335.4
66,107,Parma,Viterbo,301
66,44,Parma,L'Aquila,368.1
66,26,Parma,Chieti,412.1
66,70,Parma,Pescara,406.9
66,92,Parma,Teramo,360.5
66,21,Parma,Campobasso,503.3
66,43,Parma,Isernia,476.6
66,60,Parma,Napoli,544
66,8,Parma,Avellino,564.7
66,12,Parma,Benevento,545.8
66,23,Parma,Caserta,527.3
66,85,Parma,Salerno,584
66,9,Parma,Bari,671.5
66,10,Parma,Barletta,618.5
66,18,Parma,Brindisi,775.2
66,36,Parma,Foggia,562.9
66,47,Parma,Lecce,810.3
66,91,Parma,Taranto,743.1
66,75,Parma,Potenza,643.4
66,55,Parma,Matera,688.2
66,25,Parma,Catanzaro,834.9
66,28,Parma,Cosenza,783
66,30,Parma,Crotone,848.4
66,79,Parma,Reggio Calabria,865.5
66,105,Parma,Vibo Valentia,832.2
66,65,Parma,Palermo,785.1
66,1,Parma,Agrigento,876.1
66,20,Parma,Caltanissetta,870.8
66,24,Parma,Catania,903
66,32,Parma,Enna,869.5
66,56,Parma,Messina,853.5
66,77,Parma,Ragusa,950.1
66,89,Parma,Siracusa,954.3
66,95,Parma,Trapani,776.4
66,19,Parma,Cagliari,628.1
66,62,Parma,Nuoro,504.9
66,63,Parma,Oristano,562.7
66,86,Parma,Sassari,475.7
66,22,Parma,Carbonia,644
71,78,Piacenza,Ravenna,210.4
71,80,Piacenza,Reggio Emilia,83.7
71,82,Piacenza,Rimini,252.8
71,35,Piacenza,Firenze,189.1
71,5,Piacenza,Arezzo,248.1
71,41,Piacenza,Grosseto,278.8
71,49,Piacenza,Livorno,174.3
71,51,Piacenza,Lucca,149.2
71,54,Piacenza,Massa,118.5
71,72,Piacenza,Pisa,158.2
71,73,Piacenza,Pistoia,157.6
71,76,Piacenza,Prato,171.9
71,88,Piacenza,Siena,232.8
71,68,Piacenza,Perugia,305
71,93,Piacenza,Terni,364.1
71,3,Piacenza,Ancona,343.6
71,6,Piacenza,Ascoli Piceno,395.3
71,33,Piacenza,Fermo,384
71,52,Piacenza,Macerata,357.6
71,69,Piacenza,Pesaro,285.3
71,83,Piacenza,Roma,416.9
71,38,Piacenza,Frosinone,481
71,46,Piacenza,Latina,475.8
71,81,Piacenza,Rieti,388.9
71,107,Piacenza,Viterbo,351.1
71,44,Piacenza,L'Aquila,423.1
71,26,Piacenza,Chieti,468.4
71,70,Piacenza,Pescara,463.5
71,92,Piacenza,Teramo,416.9
71,21,Piacenza,Campobasso,558.8
71,43,Piacenza,Isernia,531.4
71,60,Piacenza,Napoli,597.1
71,8,Piacenza,Avellino,619.1
71,12,Piacenza,Benevento,600.6
71,23,Piacenza,Caserta,581.1
71,85,Piacenza,Salerno,637.8
71,9,Piacenza,Bari,728.5
71,10,Piacenza,Barletta,675.3
71,18,Piacenza,Brindisi,832.2
71,36,Piacenza,Foggia,619.3
71,47,Piacenza,Lecce,867.3
71,91,Piacenza,Taranto,799.8
71,75,Piacenza,Potenza,698.9
71,55,Piacenza,Matera,744.6
71,25,Piacenza,Catanzaro,888.9
71,28,Piacenza,Cosenza,837.1
71,30,Piacenza,Crotone,903.4
71,79,Piacenza,Reggio Calabria,916.4
71,105,Piacenza,Vibo Valentia,885
71,65,Piacenza,Palermo,829.3
71,1,Piacenza,Agrigento,919.8
71,20,Piacenza,Caltanissetta,916.4
71,24,Piacenza,Catania,951.6
71,32,Piacenza,Enna,915.9
71,56,Piacenza,Messina,904.4
71,77,Piacenza,Ragusa,996.9
71,89,Piacenza,Siracusa,1002.7
71,95,Piacenza,Trapani,817.1
71,19,Piacenza,Cagliari,649.8
71,62,Piacenza,Nuoro,527.1
71,63,Piacenza,Oristano,579.4
71,86,Piacenza,Sassari,489.9
71,22,Piacenza,Carbonia,661.5
78,80,Ravenna,Reggio Emilia,128.5
78,82,Ravenna,Rimini,48.7
78,35,Ravenna,Firenze,104.6
78,5,Ravenna,Arezzo,109.3
78,41,Ravenna,Grosseto,203.9
78,49,Ravenna,Livorno,179.7
78,51,Ravenna,Lucca,149.7
78,54,Ravenna,Massa,169.9
78,72,Ravenna,Pisa,163.4
78,73,Ravenna,Pistoia,116.7
78,76,Ravenna,Prato,106.5
78,88,Ravenna,Siena,140.9
78,68,Ravenna,Perugia,146.2
78,93,Ravenna,Terni,209.3
78,3,Ravenna,Ancona,137.9
78,6,Ravenna,Ascoli Piceno,206
78,33,Ravenna,Fermo,185.3
78,52,Ravenna,Macerata,159.8
78,69,Ravenna,Pesaro,79.9
78,83,Ravenna,Roma,280.7
78,38,Ravenna,Frosinone,322.8
78,46,Ravenna,Latina,333
78,81,Ravenna,Rieti,230.1
78,107,Ravenna,Viterbo,222.3
78,44,Ravenna,L'Aquila,249.5
78,26,Ravenna,Chieti,279.2
78,70,Ravenna,Pescara,271.5
78,92,Ravenna,Teramo,229.6
78,21,Ravenna,Campobasso,375.5
78,43,Ravenna,Isernia,354.6
78,60,Ravenna,Napoli,431
78,8,Ravenna,Avellino,443.3
78,12,Ravenna,Benevento,421.9
78,23,Ravenna,Caserta,410.6
78,85,Ravenna,Salerno,465.5
78,9,Ravenna,Bari,529
78,10,Ravenna,Barletta,477.9
78,18,Ravenna,Brindisi,630.8
78,36,Ravenna,Foggia,426.6
78,47,Ravenna,Lecce,666.8
78,91,Ravenna,Taranto,603.6
78,75,Ravenna,Potenza,513.3
78,55,Ravenna,Matera,551.2
78,25,Ravenna,Catanzaro,712.4
78,28,Ravenna,Cosenza,660.6
78,30,Ravenna,Crotone,720.2
78,79,Ravenna,Reggio Calabria,757.9
78,105,Ravenna,Vibo Valentia,716
78,65,Ravenna,Palermo,707.5
78,1,Ravenna,Agrigento,798.7
78,20,Ravenna,Caltanissetta,786
78,24,Ravenna,Catania,805.4
78,32,Ravenna,Enna,781.5
78,56,Ravenna,Messina,746.4
78,77,Ravenna,Ragusa,859.6
78,89,Ravenna,Siracusa,856.6
78,95,Ravenna,Trapani,712.3
78,19,Ravenna,Cagliari,631.4
78,62,Ravenna,Nuoro,513.1
78,63,Ravenna,Oristano,583.4
78,86,Ravenna,Sassari,507.6
78,22,Ravenna,Carbonia,658.7
80,82,Reggio Emilia,Rimini,169.3
80,35,Reggio Emilia,Firenze,114.7
80,5,Reggio Emilia,Arezzo,169.8
80,41,Reggio Emilia,Grosseto,218.6
80,49,Reggio Emilia,Livorno,130.4
80,51,Reggio Emilia,Lucca,95.6
80,54,Reggio Emilia,Massa,83.4
80,72,Reggio Emilia,Pisa,110
80,73,Reggio Emilia,Pistoia,88.2
80,76,Reggio Emilia,Prato,98.7
80,88,Reggio Emilia,Siena,163.3
80,68,Reggio Emilia,Perugia,226
80,93,Reggio Emilia,Terni,287.4
80,3,Reggio Emilia,Ancona,260
80,6,Reggio Emilia,Ascoli Piceno,313
80,33,Reggio Emilia,Fermo,300.6
80,52,Reggio Emilia,Macerata,274.2
80,69,Reggio Emilia,Pesaro,201.8
80,83,Reggio Emilia,Roma,345.6
80,38,Reggio Emilia,Frosinone,405.4
80,46,Reggio Emilia,Latina,403.9
80,81,Reggio Emilia,Rieti,311.8
80,107,Reggio Emilia,Viterbo,279.8
80,44,Reggio Emilia,L'Aquila,343.5
80,26,Reggio Emilia,Chieti,386.5
80,70,Reggio Emilia,Pescara,381.1
80,92,Reggio Emilia,Teramo,334.9
80,21,Reggio Emilia,Campobasso,478.3
80,43,Reggio Emilia,Isernia,452.1
80,60,Reggio Emilia,Napoli,520.6
80,8,Reggio Emilia,Avellino,540.4
80,12,Reggio Emilia,Benevento,521.2
80,23,Reggio Emilia,Caserta,503.4
80,85,Reggio Emilia,Salerno,560
80,9,Reggio Emilia,Bari,645.4
80,10,Reggio Emilia,Barletta,592.6
80,18,Reggio Emilia,Brindisi,749
80,36,Reggio Emilia,Foggia,537.2
80,47,Reggio Emilia,Lecce,784.2
80,91,Reggio Emilia,Taranto,717.3
80,75,Reggio Emilia,Potenza,618.3
80,55,Reggio Emilia,Matera,662.6
80,25,Reggio Emilia,Catanzaro,810.8
80,28,Reggio Emilia,Cosenza,758.9
80,30,Reggio Emilia,Crotone,823.7
80,79,Reggio Emilia,Reggio Calabria,843.1
80,105,Reggio Emilia,Vibo Valentia,808.8
80,65,Reggio Emilia,Palermo,766.5
80,1,Reggio Emilia,Agrigento,857.7
80,20,Reggio Emilia,Caltanissetta,851.4
80,24,Reggio Emilia,Catania,882
80,32,Reggio Emilia,Enna,849.6
80,56,Reggio Emilia,Messina,831.2
80,77,Reggio Emilia,Ragusa,930
80,89,Reggio Emilia,Siracusa,933.2
80,95,Reggio Emilia,Trapani,759.6
80,19,Reggio Emilia,Cagliari,621.3
80,62,Reggio Emilia,Nuoro,498.3
80,63,Reggio Emilia,Oristano,558.6
80,86,Reggio Emilia,Sassari,473.1
80,22,Reggio Emilia,Carbonia,639.2
82,35,Rimini,Firenze,110.3
82,5,Rimini,Arezzo,87.1
82,41,Rimini,Grosseto,186.8
82,49,Rimini,Livorno,190.2
82,51,Rimini,Lucca,166.9
82,54,Rimini,Massa,194.2
82,72,Rimini,Pisa,177.9
82,73,Rimini,Pistoia,133.8
82,76,Rimini,Prato,119.3
82,88,Rimini,Siena,129.8
82,68,Rimini,Perugia,107.4
82,93,Rimini,Terni,167.4
82,3,Rimini,Ancona,91.2
82,6,Rimini,Ascoli Piceno,157.5
82,33,Rimini,Fermo,136.8
82,52,Rimini,Macerata,111.2
82,69,Rimini,Pesaro,32.6
82,83,Rimini,Roma,240.8
82,38,Rimini,Frosinone,277.4
82,46,Rimini,Latina,290.4
82,81,Rimini,Rieti,186.4
82,107,Rimini,Viterbo,186.9
82,44,Rimini,L'Aquila,202.5
82,26,Rimini,Chieti,230.6
82,70,Rimini,Pescara,222.8
82,92,Rimini,Teramo,181.1
82,21,Rimini,Campobasso,326.9
82,43,Rimini,Isernia,306.5
82,60,Rimini,Napoli,383.8
82,8,Rimini,Avellino,395.1
82,12,Rimini,Benevento,373.5
82,23,Rimini,Caserta,363
82,85,Rimini,Salerno,417.5
82,9,Rimini,Bari,481.2
82,10,Rimini,Barletta,429.8
82,18,Rimini,Brindisi,583.6
82,36,Rimini,Foggia,378
82,47,Rimini,Lecce,619.3
82,91,Rimini,Taranto,555.4
82,75,Rimini,Potenza,464.6
82,55,Rimini,Matera,502.8
82,25,Rimini,Catanzaro,663.9
82,28,Rimini,Cosenza,612.1
82,30,Rimini,Crotone,671.5
82,79,Rimini,Reggio Calabria,710.6
82,105,Rimini,Vibo Valentia,667.9
82,65,Rimini,Palermo,665.2
82,1,Rimini,Agrigento,756.1
82,20,Rimini,Caltanissetta,742.1
82,24,Rimini,Catania,759.4
82,32,Rimini,Enna,737.1
82,56,Rimini,Messina,699.2
82,77,Rimini,Ragusa,814.6
82,89,Rimini,Siracusa,810.5
82,95,Rimini,Trapani,672.8
82,19,Rimini,Cagliari,609.9
82,62,Rimini,Nuoro,494.7
82,63,Rimini,Oristano,567.6
82,86,Rimini,Sassari,496.6
82,22,Rimini,Carbonia,640.2
35,5,Firenze,Arezzo,60.7
35,41,Firenze,Grosseto,112.5
35,49,Firenze,Livorno,79.9
35,51,Firenze,Lucca,60.6
35,54,Firenze,Massa,94.2
35,72,Firenze,Pisa,68.8
35,73,Firenze,Pistoia,33.1
35,76,Firenze,Prato,17.2
35,88,Firenze,Siena,50.5
35,68,Firenze,Perugia,117.3
35,93,Firenze,Terni,175
35,3,Firenze,Ancona,182.7
35,6,Firenze,Ascoli Piceno,213.5
35,33,Firenze,Fermo,209.9
35,52,Firenze,Macerata,184.7
35,69,Firenze,Pesaro,134.1
35,83,Firenze,Roma,230.9
35,38,Firenze,Frosinone,292.2
35,46,Firenze,Latina,289.3
35,81,Firenze,Rieti,199.8
35,107,Firenze,Viterbo,165.2
35,44,Firenze,L'Aquila,235.1
35,26,Firenze,Chieti,284.2
35,70,Firenze,Pescara,280.8
35,92,Firenze,Teramo,233.2
35,21,Firenze,Campobasso,371.4
35,43,Firenze,Isernia,342.9
35,60,Firenze,Napoli,408.1
35,8,Firenze,Avellino,430.3
35,12,Firenze,Benevento,412.1
35,23,Firenze,Caserta,392
35,85,Firenze,Salerno,448.8
35,9,Firenze,Bari,546.9
35,10,Firenze,Barletta,492.7
35,18,Firenze,Brindisi,651.6
35,36,Firenze,Foggia,434.6
35,47,Firenze,Lecce,685.7
35,91,Firenze,Taranto,615.6
35,75,Firenze,Potenza,511.2
35,55,Firenze,Matera,559.3
35,25,Firenze,Catanzaro,699.8
35,28,Firenze,Cosenza,648
35,30,Firenze,Crotone,714.8
35,79,Firenze,Reggio Calabria,729.1
35,105,Firenze,Vibo Valentia,696.1
35,65,Firenze,Palermo,653
35,1,Firenze,Agrigento,744.4
35,20,Firenze,Caltanissetta,737.2
35,24,Firenze,Catania,767.3
35,32,Firenze,Enna,735.2
35,56,Firenze,Messina,717.1
35,77,Firenze,Ragusa,815.5
35,89,Firenze,Siracusa,818.6
35,95,Firenze,Trapani,648.6
35,19,Firenze,Cagliari,535.8
35,62,Firenze,Nuoro,415.2
35,63,Firenze,Oristano,483
35,86,Firenze,Sassari,404.8
35,22,Firenze,Carbonia,560.1
5,41,Arezzo,Grosseto,99.7
5,49,Arezzo,Livorno,126.9
5,51,Arezzo,Lucca,118.2
5,54,Arezzo,Massa,153.6
5,72,Arezzo,Pisa,122.5
5,73,Arezzo,Pistoia,93.8
5,76,Arezzo,Prato,77.7
5,88,Arezzo,Siena,47.2
5,68,Arezzo,Perugia,57
5,93,Arezzo,Terni,117.7
5,3,Arezzo,Ancona,133.2
5,6,Arezzo,Ascoli Piceno,153.3
5,33,Arezzo,Fermo,152.5
5,52,Arezzo,Macerata,128.5
5,69,Arezzo,Pesaro,97.1
5,83,Arezzo,Roma,180.7
5,38,Arezzo,Frosinone,235.9
5,46,Arezzo,Latina,237.3
5,81,Arezzo,Rieti,142.1
5,107,Arezzo,Viterbo,117.4
5,44,Arezzo,L'Aquila,175.1
5,26,Arezzo,Chieti,223.6
5,70,Arezzo,Pescara,220.3
5,92,Arezzo,Teramo,172.6
5,21,Arezzo,Campobasso,311.1
5,43,Arezzo,Isernia,283.3
5,60,Arezzo,Napoli,350.8
5,8,Arezzo,Avellino,371.2
5,12,Arezzo,Benevento,352.6
5,23,Arezzo,Caserta,333.7
5,85,Arezzo,Salerno,390.4
5,9,Arezzo,Bari,486.4
5,10,Arezzo,Barletta,432.1
5,18,Arezzo,Brindisi,591.1
5,36,Arezzo,Foggia,374
5,47,Arezzo,Lecce,625.1
5,91,Arezzo,Taranto,554.9
5,75,Arezzo,Potenza,451.1
5,55,Arezzo,Matera,498.7
5,25,Arezzo,Catanzaro,641.3
5,28,Arezzo,Cosenza,589.4
5,30,Arezzo,Crotone,655.3
5,79,Arezzo,Reggio Calabria,674.2
5,105,Arezzo,Vibo Valentia,639
5,65,Arezzo,Palermo,607.5
5,1,Arezzo,Agrigento,699
5,20,Arezzo,Caltanissetta,689.3
5,24,Arezzo,Catania,715.3
5,32,Arezzo,Enna,686.3
5,56,Arezzo,Messina,662.3
5,77,Arezzo,Ragusa,765.8
5,89,Arezzo,Siracusa,766.7
5,95,Arezzo,Trapani,608.1
5,19,Arezzo,Cagliari,524.5
5,62,Arezzo,Nuoro,408.2
5,63,Arezzo,Oristano,480.7
5,86,Arezzo,Sassari,409.6
5,22,Arezzo,Carbonia,553.8
41,49,Grosseto,Livorno,108.9
41,51,Grosseto,Lucca,129.6
41,54,Grosseto,Massa,161.8
41,72,Grosseto,Pisa,121.2
41,73,Grosseto,Pistoia,130.8
41,76,Grosseto,Prato,123.9
41,88,Grosseto,Siena,64.2
41,68,Grosseto,Perugia,111
41,93,Grosseto,Terni,127.1
41,3,Grosseto,Ancona,216.9
41,6,Grosseto,Ascoli Piceno,201.1
41,33,Grosseto,Fermo,216.6
41,52,Grosseto,Macerata,199.3
41,69,Grosseto,Pesaro,193.9
41,83,Grosseto,Roma,148.7
41,38,Grosseto,Frosinone,222.8
41,46,Grosseto,Latina,206.4
41,81,Grosseto,Rieti,148.3
41,107,Grosseto,Viterbo,90
41,44,Grosseto,L'Aquila,192.9
41,26,Grosseto,Chieti,254.4
41,70,Grosseto,Pescara,256.2
41,92,Grosseto,Teramo,211.6
41,21,Grosseto,Campobasso,321.7
41,43,Grosseto,Isernia,288
41,60,Grosseto,Napoli,337
41,8,Grosseto,Avellino,367.5
41,12,Grosseto,Benevento,353.7
41,23,Grosseto,Caserta,326
41,85,Grosseto,Salerno,381.5
41,9,Grosseto,Bari,510.2
41,10,Grosseto,Barletta,455.1
41,18,Grosseto,Brindisi,614.3
41,36,Grosseto,Foggia,393.1
41,47,Grosseto,Lecce,645.7
41,91,Grosseto,Taranto,570.3
41,75,Grosseto,Potenza,455.5
41,55,Grosseto,Matera,511.9
41,25,Grosseto,Catanzaro,628.9
41,28,Grosseto,Cosenza,578.1
41,30,Grosseto,Crotone,650.1
41,79,Grosseto,Reggio Calabria,643.9
41,105,Grosseto,Vibo Valentia,618.9
41,65,Grosseto,Palermo,550.7
41,1,Grosseto,Agrigento,641.5
41,20,Grosseto,Caltanissetta,637.7
41,24,Grosseto,Catania,674.7
41,32,Grosseto,Enna,637.3
41,56,Grosseto,Messina,631.7
41,77,Grosseto,Ragusa,718.4
41,89,Grosseto,Siracusa,725.5
41,95,Grosseto,Trapani,541.3
41,19,Grosseto,Cagliari,427.6
41,62,Grosseto,Nuoro,309.5
41,63,Grosseto,Oristano,381.2
41,86,Grosseto,Sassari,310.3
41,22,Grosseto,Carbonia,455.2
49,51,Livorno,Lucca,36.4
49,54,Livorno,Massa,55.9
49,72,Livorno,Pisa,20.7
49,73,Livorno,Pistoia,64.1
49,76,Livorno,Prato,73.4
49,88,Livorno,Siena,86.2
49,68,Livorno,Perugia,175.2
49,93,Livorno,Terni,218.8
49,3,Livorno,Ancona,258.5
49,6,Livorno,Ascoli Piceno,275.6
49,33,Livorno,Fermo,278.9
49,52,Livorno,Macerata,255.3
49,69,Livorno,Pesaro,213.2
49,83,Livorno,Roma,255.6
49,38,Livorno,Frosinone,327.1
49,46,Livorno,Latina,314.2
49,81,Livorno,Rieti,243.1
49,107,Livorno,Viterbo,192.6
49,44,Livorno,L'Aquila,284.5
49,26,Livorno,Chieti,340.9
49,70,Livorno,Pescara,339.7
49,92,Livorno,Teramo,292.2
49,21,Livorno,Campobasso,419.4
49,43,Livorno,Isernia,387.6
49,60,Livorno,Napoli,442.8
49,8,Livorno,Avellino,470.9
49,12,Livorno,Benevento,455.3
49,23,Livorno,Caserta,430.2
49,85,Livorno,Salerno,486.4
49,9,Livorno,Bari,603.1
49,10,Livorno,Barletta,548.1
49,18,Livorno,Brindisi,707.9
49,36,Livorno,Foggia,487.6
49,47,Livorno,Lecce,740.7
49,91,Livorno,Taranto,667.6
49,75,Livorno,Potenza,556.7
49,55,Livorno,Matera,609.9
49,25,Livorno,Catanzaro,735.5
49,28,Livorno,Cosenza,684.4
49,30,Livorno,Crotone,755.1
49,79,Livorno,Reggio Calabria,752.7
49,105,Livorno,Vibo Valentia,726.9
49,65,Livorno,Palermo,656.2
49,1,Livorno,Agrigento,746.5
49,20,Livorno,Caltanissetta,744.4
49,24,Livorno,Catania,783.2
49,32,Livorno,Enna,744.6
49,56,Livorno,Messina,740.5
49,77,Livorno,Ragusa,825.9
49,89,Livorno,Siracusa,833.9
49,95,Livorno,Trapani,642.9
49,19,Livorno,Cagliari,491
49,62,Livorno,Nuoro,368
49,63,Livorno,Oristano,429.5
49,86,Livorno,Sassari,345.6
49,22,Livorno,Carbonia,509.5
51,54,Lucca,Massa,36.5
51,72,Lucca,Pisa,15.9
51,73,Lucca,Pistoia,33.5
51,76,Lucca,Prato,47.8
51,88,Lucca,Siena,88.3
51,68,Lucca,Perugia,172.4
51,93,Lucca,Terni,224
51,3,Lucca,Ancona,243.2
51,6,Lucca,Ascoli Piceno,271.3
51,33,Lucca,Fermo,269.8
51,52,Lucca,Macerata,244.9
51,69,Lucca,Pesaro,193.1
51,83,Lucca,Roma,269.8
51,38,Lucca,Frosinone,337.5
51,46,Lucca,Latina,328.8
51,81,Lucca,Rieti,248.8
51,107,Lucca,Viterbo,204.6
51,44,Lucca,L'Aquila,287.5
51,26,Lucca,Chieti,340.2
51,70,Lucca,Pescara,337.7
51,92,Lucca,Teramo,289.9
51,21,Lucca,Campobasso,423.8
51,43,Lucca,Isernia,393.7
51,60,Lucca,Napoli,453.9
51,8,Lucca,Avellino,479.2
51,12,Lucca,Benevento,462.4
51,23,Lucca,Caserta,439.6
51,85,Lucca,Salerno,496.3
51,9,Lucca,Bari,603.3
51,10,Lucca,Barletta,548.7
51,18,Lucca,Brindisi,708.1
51,36,Lucca,Foggia,489.5
51,47,Lucca,Lecce,741.8
51,91,Lucca,Taranto,670.3
51,75,Lucca,Potenza,562.8
51,55,Lucca,Matera,613.3
51,25,Lucca,Catanzaro,746.7
51,28,Lucca,Cosenza,695.2
51,30,Lucca,Crotone,764.1
51,79,Lucca,Reggio Calabria,769.3
51,105,Lucca,Vibo Valentia,740.4
51,65,Lucca,Palermo,680.3
51,1,Lucca,Agrigento,771
51,20,Lucca,Caltanissetta,767.2
51,24,Lucca,Catania,802.8
51,32,Lucca,Enna,766.7
51,56,Lucca,Messina,757.2
51,77,Lucca,Ragusa,847.6
51,89,Lucca,Siracusa,853.9
51,95,Lucca,Trapani,669.7
51,19,Lucca,Cagliari,526.4
51,62,Lucca,Nuoro,403.6
51,63,Lucca,Oristano,465.7
51,86,Lucca,Sassari,382
51,22,Lucca,Carbonia,545.6
54,72,Massa,Pisa,40.6
54,73,Massa,Pistoia,62.6
54,76,Massa,Prato,79
54,88,Massa,Siena,124.6
54,68,Massa,Perugia,208.5
54,93,Massa,Terni,260.4
54,3,Massa,Ancona,275.1
54,6,Massa,Ascoli Piceno,306.9
54,33,Massa,Fermo,304.2
54,52,Massa,Macerata,278.8
54,69,Massa,Pesaro,222.6
54,83,Massa,Roma,305
54,38,Massa,Frosinone,373.5
54,46,Massa,Latina,363.9
54,81,Massa,Rieti,285.2
54,107,Massa,Viterbo,240.1
54,44,Massa,L'Aquila,324
54,26,Massa,Chieti,376.3
54,70,Massa,Pescara,373.6
54,92,Massa,Teramo,325.8
54,21,Massa,Campobasso,460.3
54,43,Massa,Isernia,430.1
54,60,Massa,Napoli,489.9
54,8,Massa,Avellino,515.6
54,12,Massa,Benevento,498.8
54,23,Massa,Caserta,475.8
54,85,Massa,Salerno,532.4
54,9,Massa,Bari,639.4
54,10,Massa,Barletta,584.9
54,18,Massa,Brindisi,744.2
54,36,Massa,Foggia,525.8
54,47,Massa,Lecce,777.9
54,91,Massa,Taranto,706.6
54,75,Massa,Potenza,599.3
54,55,Massa,Matera,649.7
54,25,Massa,Catanzaro,782.7
54,28,Massa,Cosenza,731.3
54,30,Massa,Crotone,800.4
54,79,Massa,Reggio Calabria,804
54,105,Massa,Vibo Valentia,775.9
54,65,Massa,Palermo,711.3
54,1,Massa,Agrigento,801.7
54,20,Massa,Caltanissetta,799.1
54,24,Massa,Catania,836.4
54,32,Massa,Enna,799
54,56,Massa,Messina,791.9
54,77,Massa,Ragusa,880.1
54,89,Massa,Siracusa,887.3
54,95,Massa,Trapani,698.6
54,19,Massa,Cagliari,541.7
54,62,Massa,Nuoro,418.5
54,63,Massa,Oristano,476.7
54,86,Massa,Sassari,390.3
54,22,Massa,Carbonia,557.8
72,73,Pisa,Pistoia,46.7
72,76,Pisa,Prato,58.8
72,88,Pisa,Siena,87.3
72,68,Pisa,Perugia,174.5
72,93,Pisa,Terni,222.9
72,3,Pisa,Ancona,251
72,6,Pisa,Ascoli Piceno,274.4
72,33,Pisa,Fermo,275
72,52,Pisa,Macerata,250.5
72,69,Pisa,Pesaro,202.8
72,83,Pisa,Roma,264.8
72,38,Pisa,Frosinone,334.3
72,46,Pisa,Latina,323.7
72,81,Pisa,Rieti,247.5
72,107,Pisa,Viterbo,200.4
72,44,Pisa,L'Aquila,287.5
72,26,Pisa,Chieti,341.9
72,70,Pisa,Pescara,339.9
72,92,Pisa,Teramo,292.2
72,21,Pisa,Campobasso,423.3
72,43,Pisa,Isernia,392.5
72,60,Pisa,Napoli,450.5
72,8,Pisa,Avellino,477.1
72,12,Pisa,Benevento,460.8
72,23,Pisa,Caserta,437
72,85,Pisa,Salerno,493.5
72,9,Pisa,Bari,604.8
72,10,Pisa,Barletta,550
72,18,Pisa,Brindisi,709.6
72,36,Pisa,Foggia,490.2
72,47,Pisa,Lecce,742.9
72,91,Pisa,Taranto,670.7
72,75,Pisa,Potenza,561.7
72,55,Pisa,Matera,613.4
72,25,Pisa,Catanzaro,743.4
72,28,Pisa,Cosenza,692.1
72,30,Pisa,Crotone,761.8
72,79,Pisa,Reggio Calabria,763.6
72,105,Pisa,Vibo Valentia,736
72,65,Pisa,Palermo,671.1
72,1,Pisa,Agrigento,761.6
72,20,Pisa,Caltanissetta,758.6
72,24,Pisa,Catania,795.7
72,32,Pisa,Enna,758.4
72,56,Pisa,Messina,751.4
72,77,Pisa,Ragusa,839.6
72,89,Pisa,Siracusa,846.6
72,95,Pisa,Trapani,659.2
72,19,Pisa,Cagliari,511.5
72,62,Pisa,Nuoro,388.6
72,63,Pisa,Oristano,450.2
72,86,Pisa,Sassari,366.2
72,22,Pisa,Carbonia,530.2
73,76,Pistoia,Prato,16.6
73,88,Pistoia,Siena,76
73,68,Pistoia,Perugia,150.3
73,93,Pistoia,Terni,207
73,3,Pistoia,Ancona,212.5
73,6,Pistoia,Ascoli Piceno,246.5
73,33,Pistoia,Fermo,242.1
73,52,Pistoia,Macerata,216.6
73,69,Pistoia,Pesaro,160.8
73,83,Pistoia,Roma,259.9
73,38,Pistoia,Frosinone,323.4
73,46,Pistoia,Latina,318.7
73,81,Pistoia,Rieti,231.9
73,107,Pistoia,Viterbo,194
73,44,Pistoia,L'Aquila,267.8
73,26,Pistoia,Chieti,317.4
73,70,Pistoia,Pescara,313.9
73,92,Pistoia,Teramo,266.3
73,21,Pistoia,Campobasso,404.2
73,43,Pistoia,Isernia,375.5
73,60,Pistoia,Napoli,439.6
73,8,Pistoia,Avellino,462.5
73,12,Pistoia,Benevento,444.6
73,23,Pistoia,Caserta,423.9
73,85,Pistoia,Salerno,480.7
73,9,Pistoia,Bari,580.1
73,10,Pistoia,Barletta,525.9
73,18,Pistoia,Brindisi,684.7
73,36,Pistoia,Foggia,467.7
73,47,Pistoia,Lecce,718.9
73,91,Pistoia,Taranto,648.7
73,75,Pistoia,Potenza,544
73,55,Pistoia,Matera,592.4
73,25,Pistoia,Catanzaro,731.7
73,28,Pistoia,Cosenza,680
73,30,Pistoia,Crotone,747.2
73,79,Pistoia,Reggio Calabria,759.1
73,105,Pistoia,Vibo Valentia,727.4
73,65,Pistoia,Palermo,678.4
73,1,Pistoia,Agrigento,769.6
73,20,Pistoia,Caltanissetta,763.7
73,24,Pistoia,Catania,795.8
73,32,Pistoia,Enna,762.3
73,56,Pistoia,Messina,747.1
73,77,Pistoia,Ragusa,842.9
73,89,Pistoia,Siracusa,847
73,95,Pistoia,Trapani,671.5
73,19,Pistoia,Cagliari,544
73,62,Pistoia,Nuoro,422
73,63,Pistoia,Oristano,486.8
73,86,Pistoia,Sassari,405.4
73,22,Pistoia,Carbonia,565.6
76,88,Prato,Siena,64.8
76,68,Prato,Perugia,134.5
76,93,Prato,Terni,192.2
76,3,Prato,Ancona,196.3
76,6,Prato,Ascoli Piceno,230
76,33,Prato,Fermo,225.5
76,52,Prato,Macerata,200
76,69,Prato,Pesaro,145.3
76,83,Prato,Roma,247.2
76,38,Prato,Frosinone,309.2
76,46,Prato,Latina,305.8
76,81,Prato,Rieti,217
76,107,Prato,Viterbo,181.4
76,44,Prato,L'Aquila,252.2
76,26,Prato,Chieti,301.1
76,70,Prato,Pescara,297.6
76,92,Prato,Teramo,250
76,21,Prato,Campobasso,388.5
76,43,Prato,Isernia,360.2
76,60,Prato,Napoli,425.2
76,8,Prato,Avellino,447.5
76,12,Prato,Benevento,429.3
76,23,Prato,Caserta,409.2
76,85,Prato,Salerno,465.9
76,9,Prato,Bari,563.7
76,10,Prato,Barletta,509.6
76,18,Prato,Brindisi,668.3
76,36,Prato,Foggia,451.6
76,47,Prato,Lecce,702.5
76,91,Prato,Taranto,632.6
76,75,Prato,Potenza,528.4
76,55,Prato,Matera,576.4
76,25,Prato,Catanzaro,717
76,28,Prato,Cosenza,665.2
76,30,Prato,Crotone,732
76,79,Prato,Reggio Calabria,745.8
76,105,Prato,Vibo Valentia,713.2
76,65,Prato,Palermo,668.1
76,1,Prato,Agrigento,759.4
76,20,Prato,Caltanissetta,752.7
76,24,Prato,Catania,783.5
76,32,Prato,Enna,750.9
76,56,Prato,Messina,733.8
76,77,Prato,Ragusa,831.3
76,89,Prato,Siracusa,834.8
76,95,Prato,Trapani,662.6
76,19,Prato,Cagliari,543.1
76,62,Prato,Nuoro,421.7
76,63,Prato,Oristano,488.1
76,86,Prato,Sassari,408.2
76,22,Prato,Carbonia,566.1
88,68,Siena,Perugia,89
88,93,Siena,Terni,135.8
88,3,Siena,Ancona,179.6
88,6,Siena,Ascoli Piceno,189.4
88,33,Siena,Fermo,194.2
88,52,Siena,Macerata,171.7
88,69,Siena,Pesaro,143.6
88,83,Siena,Roma,184.1
88,38,Siena,Frosinone,249.6
88,46,Siena,Latina,243
88,81,Siena,Rieti,160.6
88,107,Siena,Viterbo,118.2
88,44,Siena,L'Aquila,200.2
88,26,Siena,Chieti,255.1
88,70,Siena,Pescara,253.6
88,92,Siena,Teramo,206
88,21,Siena,Campobasso,336.1
88,43,Siena,Isernia,305.6
88,60,Siena,Napoli,366
88,8,Siena,Avellino,391
88,12,Siena,Benevento,374.1
88,23,Siena,Caserta,351.4
88,85,Siena,Salerno,408.1
88,9,Siena,Bari,517.7
88,10,Siena,Barletta,462.8
88,18,Siena,Brindisi,622.5
88,36,Siena,Foggia,402.9
88,47,Siena,Lecce,655.7
88,91,Siena,Taranto,583.3
88,75,Siena,Potenza,474.8
88,55,Siena,Matera,526.1
88,25,Siena,Catanzaro,658.7
88,28,Siena,Cosenza,607.2
88,30,Siena,Crotone,675.9
88,79,Siena,Reggio Calabria,683.6
88,105,Siena,Vibo Valentia,653.1
88,65,Siena,Palermo,603.3
88,1,Siena,Agrigento,694.6
88,20,Siena,Caltanissetta,688.1
88,24,Siena,Catania,719.8
88,32,Siena,Enna,686.4
88,56,Siena,Messina,671.6
88,77,Siena,Ragusa,766.9
88,89,Siena,Siracusa,771
88,95,Siena,Trapani,598.2
88,19,Siena,Cagliari,491.3
88,62,Siena,Nuoro,372.3
88,63,Siena,Oristano,442.6
88,86,Siena,Sassari,368.3
88,22,Siena,Carbonia,517.9
68,93,Perugia,Terni,64.2
68,3,Perugia,Ancona,107.1
68,6,Perugia,Ascoli Piceno,100.5
68,33,Perugia,Fermo,107.9
68,52,Perugia,Macerata,88.6
68,69,Perugia,Pesaro,98.7
68,83,Perugia,Roma,134.6
68,38,Perugia,Frosinone,181.6
68,46,Perugia,Latina,187.5
68,81,Perugia,Rieti,87.3
68,107,Perugia,Viterbo,80.1
68,44,Perugia,L'Aquila,118.1
68,26,Perugia,Chieti,167.9
68,70,Perugia,Pescara,165.5
68,92,Perugia,Teramo,117.7
68,21,Perugia,Campobasso,254.1
68,43,Perugia,Isernia,226.4
68,60,Perugia,Napoli,295.2
68,8,Perugia,Avellino,314.5
68,12,Perugia,Benevento,295.7
68,23,Perugia,Caserta,277.5
68,85,Perugia,Salerno,334.1
68,9,Perugia,Bari,430.9
68,10,Perugia,Barletta,376.4
68,18,Perugia,Brindisi,535.7
68,36,Perugia,Foggia,317.6
68,47,Perugia,Lecce,569.5
68,91,Perugia,Taranto,498.5
68,75,Perugia,Potenza,394.1
68,55,Perugia,Matera,442.1
68,25,Perugia,Catanzaro,584.8
68,28,Perugia,Cosenza,532.9
68,30,Perugia,Crotone,598.4
68,79,Perugia,Reggio Calabria,620
68,105,Perugia,Vibo Valentia,583.3
68,65,Perugia,Palermo,561.4
68,1,Perugia,Agrigento,652.7
68,20,Perugia,Caltanissetta,640.8
68,24,Perugia,Catania,663.4
68,32,Perugia,Enna,636.9
68,56,Perugia,Messina,608.3
68,77,Perugia,Ragusa,715.7
68,89,Perugia,Siracusa,714.7
68,95,Perugia,Trapani,566.5
68,19,Perugia,Cagliari,511.4
68,62,Perugia,Nuoro,401
68,63,Perugia,Oristano,476.6
68,86,Perugia,Sassari,413.5
68,22,Perugia,Carbonia,545.1
93,3,Terni,Ancona,136.9
93,6,Terni,Ascoli Piceno,82.7
93,33,Terni,Fermo,110
93,52,Terni,Macerata,105
93,69,Terni,Pesaro,151.6
93,83,Terni,Roma,74.5
93,38,Terni,Frosinone,118.2
93,46,Terni,Latina,123.8
93,81,Terni,Rieti,24.9
93,107,Terni,Viterbo,46.7
93,44,Terni,L'Aquila,66.5
93,26,Terni,Chieti,127.3
93,70,Terni,Pescara,129.5
93,92,Terni,Teramo,87.1
93,21,Terni,Campobasso,200.6
93,43,Terni,Isernia,169.7
93,60,Terni,Napoli,233.3
93,8,Terni,Avellino,255.7
93,12,Terni,Benevento,238.4
93,23,Terni,Caserta,217
93,85,Terni,Salerno,273.8
93,9,Terni,Bari,385.4
93,10,Terni,Barletta,330.3
93,18,Terni,Brindisi,490
93,36,Terni,Foggia,269.2
93,47,Terni,Lecce,522.4
93,91,Terni,Taranto,448.7
93,75,Terni,Potenza,338.9
93,55,Terni,Matera,391
93,25,Terni,Catanzaro,524.8
93,28,Terni,Cosenza,473
93,30,Terni,Crotone,540.5
93,79,Terni,Reggio Calabria,556.6
93,105,Terni,Vibo Valentia,521.5
93,65,Terni,Palermo,498.3
93,1,Terni,Agrigento,589.4
93,20,Terni,Caltanissetta,576.9
93,24,Terni,Catania,599.3
93,32,Terni,Enna,572.8
93,56,Terni,Messina,544.8
93,77,Terni,Ragusa,651.5
93,89,Terni,Siracusa,650.6
93,95,Terni,Trapani,505.6
93,19,Terni,Cagliari,474.8
93,62,Terni,Nuoro,372.1
93,63,Terni,Oristano,449.6
93,86,Terni,Sassari,396.3
93,22,Terni,Carbonia,512.4
3,6,Ancona,Ascoli Piceno,84.9
3,33,Ancona,Fermo,53.1
3,52,Ancona,Macerata,35.7
3,69,Ancona,Pesaro,58.6
3,83,Ancona,Roma,208
3,38,Ancona,Frosinone,220.2
3,46,Ancona,Latina,244.1
3,81,Ancona,Rieti,145.1
3,107,Ancona,Viterbo,175.6
3,44,Ancona,L'Aquila,141.1
3,26,Ancona,Chieti,150.1
3,70,Ancona,Pescara,140.3
3,92,Ancona,Teramo,107.1
3,21,Ancona,Campobasso,247
3,43,Ancona,Isernia,232.1
3,60,Ancona,Napoli,313.5
3,8,Ancona,Avellino,318.1
3,12,Ancona,Benevento,295.3
3,23,Ancona,Caserta,290.6
3,85,Ancona,Salerno,342
3,9,Ancona,Bari,391.2
3,10,Ancona,Barletta,340.7
3,18,Ancona,Brindisi,492.9
3,36,Ancona,Foggia,291.3
3,47,Ancona,Lecce,528.9
3,91,Ancona,Taranto,466.4
3,75,Ancona,Potenza,380.8
3,55,Ancona,Matera,415
3,25,Ancona,Catanzaro,582.7
3,28,Ancona,Cosenza,531.4
3,30,Ancona,Crotone,587.2
3,79,Ancona,Reggio Calabria,637.6
3,105,Ancona,Vibo Valentia,590.2
3,65,Ancona,Palermo,611.7
3,1,Ancona,Agrigento,701.1
3,20,Ancona,Caltanissetta,682.7
3,24,Ancona,Catania,691.9
3,32,Ancona,Enna,675.8
3,56,Ancona,Messina,626.6
3,77,Ancona,Ragusa,750.8
3,89,Ancona,Siracusa,742.5
3,95,Ancona,Trapani,627.9
3,19,Ancona,Cagliari,610.5
3,62,Ancona,Nuoro,504.1
3,63,Ancona,Oristano,580.6
3,86,Ancona,Sassari,520
3,22,Ancona,Carbonia,646.6
6,33,Ascoli Piceno,Fermo,36.1
6,52,Ascoli Piceno,Macerata,50.4
6,69,Ascoli Piceno,Pesaro,129.2
6,83,Ascoli Piceno,Roma,137.9
6,38,Ascoli Piceno,Frosinone,136.2
6,46,Ascoli Piceno,Latina,163.7
6,81,Ascoli Piceno,Rieti,77.1
6,107,Ascoli Piceno,Viterbo,129.3
6,44,Ascoli Piceno,L'Aquila,57.8
6,26,Ascoli Piceno,Chieti,73.9
6,70,Ascoli Piceno,Pescara,68.2
6,92,Ascoli Piceno,Teramo,23.7
6,21,Ascoli Piceno,Campobasso,169.4
6,43,Ascoli Piceno,Isernia,150
6,60,Ascoli Piceno,Napoli,229.9
6,8,Ascoli Piceno,Avellino,238
6,12,Ascoli Piceno,Benevento,216.1
6,23,Ascoli Piceno,Caserta,207.7
6,85,Ascoli Piceno,Salerno,260.9
6,9,Ascoli Piceno,Bari,333.9
6,10,Ascoli Piceno,Barletta,280.2
6,18,Ascoli Piceno,Brindisi,438.4
6,36,Ascoli Piceno,Foggia,224.3
6,47,Ascoli Piceno,Lecce,472.9
6,91,Ascoli Piceno,Taranto,404.5
6,75,Ascoli Piceno,Potenza,307.9
6,55,Ascoli Piceno,Matera,349.6
6,25,Ascoli Piceno,Catanzaro,506.3
6,28,Ascoli Piceno,Cosenza,454.6
6,30,Ascoli Piceno,Crotone,514.6
6,79,Ascoli Piceno,Reggio Calabria,555.6
6,105,Ascoli Piceno,Vibo Valentia,510.9
6,65,Ascoli Piceno,Palermo,527.1
6,1,Ascoli Piceno,Agrigento,616.3
6,20,Ascoli Piceno,Caltanissetta,597.8
6,24,Ascoli Piceno,Catania,608
6,32,Ascoli Piceno,Enna,591
6,56,Ascoli Piceno,Messina,544.4
6,77,Ascoli Piceno,Ragusa,666.3
6,89,Ascoli Piceno,Siracusa,658.8
6,95,Ascoli Piceno,Trapani,544.9
6,19,Ascoli Piceno,Cagliari,549.7
6,62,Ascoli Piceno,Nuoro,451.6
6,63,Ascoli Piceno,Oristano,529.5
6,86,Ascoli Piceno,Sassari,478.6
6,22,Ascoli Piceno,Carbonia,589.5
33,52,Fermo,Macerata,26.4
33,69,Fermo,Pesaro,105.7
33,83,Fermo,Roma,172
33,38,Fermo,Frosinone,171.8
33,46,Fermo,Latina,199.8
33,81,Fermo,Rieti,109.6
33,107,Fermo,Viterbo,155.1
33,44,Fermo,L'Aquila,93.9
33,26,Fermo,Chieti,97.1
33,70,Fermo,Pescara,87.7
33,92,Fermo,Teramo,55.6
33,21,Fermo,Campobasso,194.1
33,43,Fermo,Isernia,179
33,60,Fermo,Napoli,260.7
33,8,Fermo,Avellino,265
33,12,Fermo,Benevento,242.3
33,23,Fermo,Caserta,237.6
33,85,Fermo,Salerno,288.9
33,9,Fermo,Bari,345.3
33,10,Fermo,Barletta,293.3
33,18,Fermo,Brindisi,448.5
33,36,Fermo,Foggia,241.3
33,47,Fermo,Lecce,483.8
33,91,Fermo,Taranto,418.7
33,75,Fermo,Potenza,329.2
33,55,Fermo,Matera,365.9
33,25,Fermo,Catanzaro,530.3
33,28,Fermo,Cosenza,478.9
33,30,Fermo,Crotone,535.9
33,79,Fermo,Reggio Calabria,584.5
33,105,Fermo,Vibo Valentia,537.3
33,65,Fermo,Palermo,561.8
33,1,Fermo,Agrigento,650.6
33,20,Fermo,Caltanissetta,631.2
33,24,Fermo,Catania,639.1
33,32,Fermo,Enna,623.9
33,56,Fermo,Messina,573.5
33,77,Fermo,Ragusa,698.4
33,89,Fermo,Siracusa,689.6
33,95,Fermo,Trapani,580.5
33,19,Fermo,Cagliari,582.5
33,62,Fermo,Nuoro,481.9
33,63,Fermo,Oristano,559.5
33,86,Fermo,Sassari,505.4
33,22,Fermo,Carbonia,621.4
52,69,Macerata,Pesaro,80.8
52,83,Macerata,Roma,173.8
52,38,Macerata,Frosinone,184.6
52,46,Macerata,Latina,208.5
52,81,Macerata,Rieti,110.6
52,107,Macerata,Viterbo,146.8
52,44,Macerata,L'Aquila,105.6
52,26,Macerata,Chieti,120.3
52,70,Macerata,Pescara,111.9
52,92,Macerata,Teramo,73.6
52,21,Macerata,Campobasso,217.3
52,43,Macerata,Isernia,199.8
52,60,Macerata,Napoli,280.2
52,8,Macerata,Avellino,287.1
52,12,Macerata,Benevento,264.8
52,23,Macerata,Caserta,257.9
52,85,Macerata,Salerno,310.5
52,9,Macerata,Bari,371.6
52,10,Macerata,Barletta,319.4
52,18,Macerata,Brindisi,474.8
52,36,Macerata,Foggia,266.8
52,47,Macerata,Lecce,510.2
52,91,Macerata,Taranto,444.8
52,75,Macerata,Potenza,353.8
52,55,Macerata,Matera,391.7
52,25,Macerata,Catanzaro,554.1
52,28,Macerata,Cosenza,502.5
52,30,Macerata,Crotone,560.6
52,79,Macerata,Reggio Calabria,605.6
52,105,Macerata,Vibo Valentia,559.9
52,65,Macerata,Palermo,576.3
52,1,Macerata,Agrigento,665.8
52,20,Macerata,Caltanissetta,647.9
52,24,Macerata,Catania,658.5
52,32,Macerata,Enna,641.2
52,56,Macerata,Messina,594.5
52,77,Macerata,Ragusa,716.7
52,89,Macerata,Siracusa,709.2
52,95,Macerata,Trapani,592.3
52,19,Macerata,Cagliari,579.8
52,62,Macerata,Nuoro,475.7
52,63,Macerata,Oristano,552.9
52,86,Macerata,Sassari,495.4
52,22,Macerata,Carbonia,617.1
69,83,Pesaro,Roma,226.1
69,38,Pesaro,Frosinone,255.2
69,46,Pesaro,Latina,271.9
69,81,Pesaro,Rieti,167.7
69,107,Pesaro,Viterbo,178.3
69,44,Pesaro,L'Aquila,178.1
69,26,Pesaro,Chieti,201.1
69,70,Pesaro,Pescara,192.7
69,92,Pesaro,Teramo,152.9
69,21,Pesaro,Campobasso,297.9
69,43,Pesaro,Isernia,279.1
69,60,Pesaro,Napoli,358
69,8,Pesaro,Avellino,367.2
69,12,Pesaro,Benevento,345.2
69,23,Pesaro,Caserta,336.5
69,85,Pesaro,Salerno,390.1
69,9,Pesaro,Bari,449.1
69,10,Pesaro,Barletta,398
69,18,Pesaro,Brindisi,551.2
69,36,Pesaro,Foggia,347
69,47,Pesaro,Lecce,587
69,91,Pesaro,Taranto,523.6
69,75,Pesaro,Potenza,434.6
69,55,Pesaro,Matera,471.4
69,25,Pesaro,Catanzaro,634.8
69,28,Pesaro,Cosenza,583.2
69,30,Pesaro,Crotone,641.4
69,79,Pesaro,Reggio Calabria,684.5
69,105,Pesaro,Vibo Valentia,640.1
69,65,Pesaro,Palermo,645.7
69,1,Pesaro,Agrigento,736.2
69,20,Pesaro,Caltanissetta,720.6
69,24,Pesaro,Catania,735.1
69,32,Pesaro,Enna,715
69,56,Pesaro,Messina,673.2
69,77,Pesaro,Ragusa,791.7
69,89,Pesaro,Siracusa,786.1
69,95,Pesaro,Trapani,656.3
69,19,Pesaro,Cagliari,609.3
69,62,Pesaro,Nuoro,496.9
69,63,Pesaro,Oristano,571.4
69,86,Pesaro,Sassari,503.9
69,22,Pesaro,Carbonia,641.8
83,38,Roma,Frosinone,76.7
83,46,Roma,Latina,59
83,81,Roma,Rieti,63.2
83,107,Roma,Viterbo,65.9
83,44,Roma,L'Aquila,89.5
83,26,Roma,Chieti,146.6
83,70,Roma,Pescara,154.7
83,92,Roma,Teramo,130
83,21,Roma,Campobasso,183.7
83,43,Roma,Isernia,148
83,60,Roma,Napoli,188.4
83,8,Roma,Avellino,220.6
83,12,Roma,Benevento,208.8
83,23,Roma,Caserta,178.6
83,85,Roma,Salerno,233.3
83,9,Roma,Bari,374.6
83,10,Roma,Barletta,320.3
83,18,Roma,Brindisi,476.4
83,36,Roma,Foggia,257.8
83,47,Roma,Lecce,505.8
83,91,Roma,Taranto,428.4
83,75,Roma,Potenza,310.1
83,55,Roma,Matera,369.7
83,25,Roma,Catanzaro,480.3
83,28,Roma,Cosenza,429.5
83,30,Roma,Crotone,501.7
83,79,Roma,Reggio Calabria,499.7
83,105,Roma,Vibo Valentia,471.3
83,65,Roma,Palermo,427.5
83,1,Roma,Agrigento,518.9
83,20,Roma,Caltanissetta,508.6
83,24,Roma,Catania,536.4
83,32,Roma,Enna,505.7
83,56,Roma,Messina,487.6
83,77,Roma,Ragusa,585.4
83,89,Roma,Siracusa,587.7
83,95,Roma,Trapani,432
83,19,Roma,Cagliari,412.2
83,62,Roma,Nuoro,318.3
83,63,Roma,Oristano,396.4
83,86,Roma,Sassari,354.1
83,22,Roma,Carbonia,453.1
38,46,Frosinone,Latina,41.9
38,81,Frosinone,Rieti,94.4
38,107,Frosinone,Viterbo,134.5
38,44,Frosinone,L'Aquila,79.1
38,26,Frosinone,Chieti,104
38,70,Frosinone,Pescara,116
38,92,Frosinone,Teramo,117.2
38,21,Frosinone,Campobasso,109.4
38,43,Frosinone,Isernia,73.5
38,60,Frosinone,Napoli,116.4
38,8,Frosinone,Avellino,144.8
38,12,Frosinone,Benevento,132.2
38,23,Frosinone,Caserta,103.4
38,85,Frosinone,Salerno,159.4
38,9,Frosinone,Bari,299.4
38,10,Frosinone,Barletta,245.7
38,18,Frosinone,Brindisi,400.4
38,36,Frosinone,Foggia,183.6
38,47,Frosinone,Lecce,429.4
38,91,Frosinone,Taranto,351.8
38,75,Frosinone,Potenza,233.6
38,55,Frosinone,Matera,293.1
38,25,Frosinone,Catanzaro,409.2
38,28,Frosinone,Cosenza,357.8
38,30,Frosinone,Crotone,428.1
38,79,Frosinone,Reggio Calabria,438.5
38,105,Frosinone,Vibo Valentia,403.9
38,65,Frosinone,Palermo,391.8
38,1,Frosinone,Agrigento,481.7
38,20,Frosinone,Caltanissetta,465.4
38,24,Frosinone,Catania,482.8
38,32,Frosinone,Enna,459.9
38,56,Frosinone,Messina,426.7
38,77,Frosinone,Ragusa,537.2
38,89,Frosinone,Siracusa,534
38,95,Frosinone,Trapani,408.7
38,19,Frosinone,Cagliari,447.5
38,62,Frosinone,Nuoro,368
38,63,Frosinone,Oristano,444.9
38,86,Frosinone,Sassari,413.9
38,22,Frosinone,Carbonia,492.6
46,81,Latina,Rieti,104.3
46,107,Latina,Viterbo,124.8
46,44,Latina,L'Aquila,106.3
46,26,Latina,Chieti,143.5
46,70,Latina,Pescara,154.9
46,92,Latina,Teramo,148.1
46,21,Latina,Campobasso,146.8
46,43,Latina,Isernia,111.6
46,60,Latina,Napoli,133.2
46,8,Latina,Avellino,169.4
46,12,Latina,Benevento,161.4
46,23,Latina,Caserta,127.2
46,85,Latina,Salerno,179
46,9,Latina,Bari,333.8
46,10,Latina,Barletta,281.3
46,18,Latina,Brindisi,432.5
46,36,Latina,Foggia,220
46,47,Latina,Lecce,459.9
46,91,Latina,Taranto,381.3
46,75,Latina,Potenza,260.1
46,55,Latina,Matera,322.7
46,25,Latina,Catanzaro,422.8
46,28,Latina,Cosenza,372.4
46,30,Latina,Crotone,445.8
46,79,Latina,Reggio Calabria,440.7
46,105,Latina,Vibo Valentia,412.7
46,65,Latina,Palermo,374.8
46,1,Latina,Agrigento,465.8
46,20,Latina,Caltanissetta,453.3
46,24,Latina,Catania,478.3
46,32,Latina,Enna,449.5
46,56,Latina,Messina,428.6
46,77,Latina,Ragusa,528.7
46,89,Latina,Siracusa,529.6
46,95,Latina,Trapani,384.9
46,19,Latina,Cagliari,406.1
46,62,Latina,Nuoro,326.3
46,63,Latina,Oristano,403.1
46,86,Latina,Sassari,373.5
46,22,Latina,Carbonia,450.9
81,107,Rieti,Viterbo,61.5
81,44,Rieti,L'Aquila,45
81,26,Rieti,Chieti,107.8
81,70,Rieti,Pescara,111.7
81,92,Rieti,Teramo,74.7
81,21,Rieti,Campobasso,176.3
81,43,Rieti,Isernia,145
81,60,Rieti,Napoli,208.7
81,8,Rieti,Avellino,230.8
81,12,Rieti,Benevento,213.5
81,23,Rieti,Caserta,192.2
81,85,Rieti,Salerno,248.9
81,9,Rieti,Bari,362.5
81,10,Rieti,Barletta,307.3
81,18,Rieti,Brindisi,466.9
81,36,Rieti,Foggia,245.8
81,47,Rieti,Lecce,498.9
81,91,Rieti,Taranto,424.8
81,75,Rieti,Potenza,314.2
81,55,Rieti,Matera,366.9
81,25,Rieti,Catanzaro,499.9
81,28,Rieti,Cosenza,448.2
81,30,Rieti,Crotone,515.6
81,79,Rieti,Reggio Calabria,532.8
81,105,Rieti,Vibo Valentia,497
81,65,Rieti,Palermo,478.8
81,1,Rieti,Agrigento,569.7
81,20,Rieti,Caltanissetta,556
81,24,Rieti,Catania,576.5
81,32,Rieti,Enna,551.5
81,56,Rieti,Messina,521
81,77,Rieti,Ragusa,629.7
81,89,Rieti,Siracusa,627.8
81,95,Rieti,Trapani,488.6
81,19,Rieti,Cagliari,473.1
81,62,Rieti,Nuoro,374.6
81,63,Rieti,Oristano,452.5
81,86,Rieti,Sassari,403.5
81,22,Rieti,Carbonia,512.5
107,44,Viterbo,L'Aquila,106.4
107,26,Viterbo,Chieti,169.3
107,70,Viterbo,Pescara,173.1
107,92,Viterbo,Teramo,133.1
107,21,Viterbo,Campobasso,231.8
107,43,Viterbo,Isernia,198.1
107,60,Viterbo,Napoli,250.3
107,8,Viterbo,Avellino,278.8
107,12,Viterbo,Benevento,264.2
107,23,Viterbo,Caserta,237.8
107,85,Viterbo,Salerno,293.9
107,9,Viterbo,Bari,420.8
107,10,Viterbo,Barletta,365.7
107,18,Viterbo,Brindisi,524.6
107,36,Viterbo,Foggia,303.6
107,47,Viterbo,Lecce,555.8
107,91,Viterbo,Taranto,480.3
107,75,Viterbo,Potenza,365.9
107,55,Viterbo,Matera,421.9
107,25,Viterbo,Catanzaro,543.2
107,28,Viterbo,Cosenza,491.9
107,30,Viterbo,Crotone,562.6
107,79,Viterbo,Reggio Calabria,565.4
107,105,Viterbo,Vibo Valentia,535.8
107,65,Viterbo,Palermo,490.4
107,1,Viterbo,Agrigento,581.8
107,20,Viterbo,Caltanissetta,573
107,24,Viterbo,Catania,602.2
107,32,Viterbo,Enna,570.5
107,56,Viterbo,Messina,553.3
107,77,Viterbo,Ragusa,650.6
107,89,Viterbo,Siracusa,653.4
107,95,Viterbo,Trapani,491
107,19,Viterbo,Cagliari,435.2
107,62,Viterbo,Nuoro,329
107,63,Viterbo,Oristano,406.1
107,86,Viterbo,Sassari,350.4
107,22,Viterbo,Carbonia,471.1
44,26,L'Aquila,Chieti,63.1
44,70,L'Aquila,Pescara,68.2
44,92,L'Aquila,Teramo,42.4
44,21,L'Aquila,Campobasso,136.4
44,43,L'Aquila,Isernia,108.5
44,60,L'Aquila,Napoli,181.6
44,8,L'Aquila,Avellino,197.1
44,12,L'Aquila,Benevento,177.7
44,23,L'Aquila,Caserta,161.8
44,85,L'Aquila,Salerno,217.6
44,9,L'Aquila,Bari,319
44,10,L'Aquila,Barletta,263.9
44,18,L'Aquila,Brindisi,423.7
44,36,L'Aquila,Foggia,203.1
44,47,L'Aquila,Lecce,456.3
44,91,L'Aquila,Taranto,383.2
44,75,L'Aquila,Potenza,276.2
44,55,L'Aquila,Matera,325.9
44,25,L'Aquila,Catanzaro,467.6
44,28,L'Aquila,Cosenza,415.6
44,30,L'Aquila,Crotone,480.3
44,79,L'Aquila,Reggio Calabria,508.4
44,105,L'Aquila,Vibo Valentia,468
44,65,L'Aquila,Palermo,470.8
44,1,L'Aquila,Agrigento,560.5
44,20,L'Aquila,Caltanissetta,543.3
44,24,L'Aquila,Catania,557.2
44,32,L'Aquila,Enna,537.2
44,56,L'Aquila,Messina,496.9
44,77,L'Aquila,Ragusa,613.6
44,89,L'Aquila,Siracusa,608.2
44,95,L'Aquila,Trapani,487.3
44,19,L'Aquila,Cagliari,500.4
44,62,L'Aquila,Nuoro,407.8
44,63,L'Aquila,Oristano,485.9
44,86,L'Aquila,Sassari,441.7
44,22,L'Aquila,Carbonia,542.1
26,70,Chieti,Pescara,12.9
26,92,Chieti,Teramo,51.6
26,21,Chieti,Campobasso,97.1
26,43,Chieti,Isernia,84.2
26,60,Chieti,Napoli,167
26,8,Chieti,Avellino,168
26,12,Chieti,Benevento,145.2
26,23,Chieti,Caserta,142.9
26,85,Chieti,Salerno,192.3
26,9,Chieti,Bari,263.1
26,10,Chieti,Barletta,208.6
26,18,Chieti,Brindisi,367.9
26,36,Chieti,Foggia,150.9
26,47,Chieti,Lecce,401.6
26,91,Chieti,Taranto,331.6
26,75,Chieti,Potenza,234.1
26,55,Chieti,Matera,276.2
26,25,Chieti,Catanzaro,433.8
26,28,Chieti,Cosenza,382.2
26,30,Chieti,Crotone,441
26,79,Chieti,Reggio Calabria,488
26,105,Chieti,Vibo Valentia,440.2
26,65,Chieti,Palermo,476
26,1,Chieti,Agrigento,562.8
26,20,Chieti,Caltanissetta,540.7
26,24,Chieti,Catania,544.2
26,32,Chieti,Enna,532.3
26,56,Chieti,Messina,477.1
26,77,Chieti,Ragusa,605.1
26,89,Chieti,Siracusa,594.5
26,95,Chieti,Trapani,501.5
26,19,Chieti,Cagliari,548.9
26,62,Chieti,Nuoro,462.7
26,63,Chieti,Oristano,540.5
26,86,Chieti,Sassari,500.7
26,22,Chieti,Carbonia,592.6
70,92,Pescara,Teramo,47.8
70,21,Pescara,Campobasso,106.8
70,43,Pescara,Isernia,96.3
70,60,Pescara,Napoli,179.1
70,8,Pescara,Avellino,178.6
70,12,Pescara,Benevento,155.4
70,23,Pescara,Caserta,154.8
70,85,Pescara,Salerno,203.1
70,9,Pescara,Bari,266.1
70,10,Pescara,Barletta,212.2
70,18,Pescara,Brindisi,370.7
70,36,Pescara,Foggia,156.3
70,47,Pescara,Lecce,405
70,91,Pescara,Taranto,336.3
70,75,Pescara,Potenza,241.9
70,55,Pescara,Matera,281.6
70,25,Pescara,Catanzaro,442.7
70,28,Pescara,Cosenza,391.2
70,30,Pescara,Crotone,448.7
70,79,Pescara,Reggio Calabria,498.7
70,105,Pescara,Vibo Valentia,450
70,65,Pescara,Palermo,488.7
70,1,Pescara,Agrigento,575.3
70,20,Pescara,Caltanissetta,553
70,24,Pescara,Catania,555.8
70,32,Pescara,Enna,544.5
70,56,Pescara,Messina,487.9
70,77,Pescara,Ragusa,617
70,89,Pescara,Siracusa,605.9
70,95,Pescara,Trapani,514.3
70,19,Pescara,Cagliari,559.5
70,62,Pescara,Nuoro,472
70,63,Pescara,Oristano,549.9
70,86,Pescara,Sassari,508.6
70,22,Pescara,Carbonia,602.9
92,21,Teramo,Campobasso,146
92,43,Teramo,Isernia,126.4
92,60,Teramo,Napoli,206.7
92,8,Teramo,Avellino,214.3
92,12,Teramo,Benevento,192.5
92,23,Teramo,Caserta,184.3
92,85,Teramo,Salerno,237.3
92,9,Teramo,Bari,313.8
92,10,Teramo,Barletta,259.6
92,18,Teramo,Brindisi,418.5
92,36,Teramo,Foggia,202.5
92,47,Teramo,Lecce,452.6
92,91,Teramo,Taranto,383.1
92,75,Teramo,Potenza,284.8
92,55,Teramo,Matera,327.8
92,25,Teramo,Catanzaro,482.8
92,28,Teramo,Cosenza,431
92,30,Teramo,Crotone,491.4
92,79,Teramo,Reggio Calabria,532.1
92,105,Teramo,Vibo Valentia,487.2
92,65,Teramo,Palermo,506.2
92,1,Teramo,Agrigento,595
92,20,Teramo,Caltanissetta,575.8
92,24,Teramo,Catania,585
92,32,Teramo,Enna,568.7
92,56,Teramo,Messina,520.9
92,77,Teramo,Ragusa,643.6
92,89,Teramo,Siracusa,635.7
92,95,Teramo,Trapani,525.6
92,19,Teramo,Cagliari,541.9
92,62,Teramo,Nuoro,447.3
92,63,Teramo,Oristano,525.4
92,86,Teramo,Sassari,478.1
92,22,Teramo,Carbonia,583
21,43,Campobasso,Isernia,36
21,60,Campobasso,Napoli,85.4
21,8,Campobasso,Avellino,72.6
21,12,Campobasso,Benevento,48.9
21,23,Campobasso,Caserta,60.8
21,85,Campobasso,Salerno,98
21,9,Campobasso,Bari,190.9
21,10,Campobasso,Barletta,136.6
21,18,Campobasso,Brindisi,293.5
21,36,Campobasso,Foggia,74.2
21,47,Campobasso,Lecce,324.1
21,91,Campobasso,Taranto,248.7
21,75,Campobasso,Potenza,140.1
21,55,Campobasso,Matera,190.6
21,25,Campobasso,Catanzaro,337
21,28,Campobasso,Cosenza,285.3
21,30,Campobasso,Crotone,345.9
21,79,Campobasso,Reggio Calabria,392.6
21,105,Campobasso,Vibo Valentia,343.2
21,65,Campobasso,Palermo,398.8
21,1,Campobasso,Agrigento,481.6
21,20,Campobasso,Caltanissetta,455.5
21,24,Campobasso,Catania,452
21,32,Campobasso,Enna,445.4
21,56,Campobasso,Messina,382
21,77,Campobasso,Ragusa,515.2
21,89,Campobasso,Siracusa,501.6
21,95,Campobasso,Trapani,433.8
21,19,Campobasso,Cagliari,536.2
21,62,Campobasso,Nuoro,468.6
21,63,Campobasso,Oristano,543.7
21,86,Campobasso,Sassari,519.6
21,22,Campobasso,Carbonia,584.2
43,60,Isernia,Napoli,82.8
43,8,Isernia,Avellino,89
43,12,Isernia,Benevento,69.2
43,23,Isernia,Caserta,58.8
43,85,Isernia,Salerno,111
43,9,Isernia,Bari,226.6
43,10,Isernia,Barletta,172.5
43,18,Isernia,Brindisi,328.6
43,36,Isernia,Foggia,110.2
43,47,Isernia,Lecce,358.7
43,91,Isernia,Taranto,282.4
43,75,Isernia,Potenza,169.2
43,55,Isernia,Matera,223.9
43,25,Isernia,Catanzaro,359.3
43,28,Isernia,Cosenza,307.4
43,30,Isernia,Crotone,372
43,79,Isernia,Reggio Calabria,405.8
43,105,Isernia,Vibo Valentia,361.4
43,65,Isernia,Palermo,394.1
43,1,Isernia,Agrigento,479.8
43,20,Isernia,Caltanissetta,456.8
43,24,Isernia,Catania,460.4
43,32,Isernia,Enna,448.2
43,56,Isernia,Messina,394.7
43,77,Isernia,Ragusa,520.9
43,89,Isernia,Siracusa,510.7
43,95,Isernia,Trapani,423.5
43,19,Isernia,Cagliari,506.7
43,62,Isernia,Nuoro,435.4
43,63,Isernia,Oristano,511.1
43,86,Isernia,Sassari,484.9
43,22,Isernia,Carbonia,553.8
60,8,Napoli,Avellino,44.5
60,12,Napoli,Benevento,53.1
60,23,Napoli,Caserta,25.1
60,85,Napoli,Salerno,46.1
60,9,Napoli,Bari,220.5
60,10,Napoli,Barletta,175.7
60,18,Napoli,Brindisi,310.4
60,36,Napoli,Foggia,126.6
60,47,Napoli,Lecce,334.5
60,91,Napoli,Taranto,254.9
60,75,Napoli,Potenza,131.6
60,55,Napoli,Matera,197.8
60,25,Napoli,Catanzaro,292.9
60,28,Napoli,Cosenza,241.6
60,30,Napoli,Crotone,313.3
60,79,Napoli,Reggio Calabria,326.9
60,105,Napoli,Vibo Valentia,288.2
60,65,Napoli,Palermo,314
60,1,Napoli,Agrigento,398.2
60,20,Napoli,Caltanissetta,374.2
60,24,Napoli,Catania,378.4
60,32,Napoli,Enna,365.4
60,56,Napoli,Messina,315.5
60,77,Napoli,Ragusa,438.2
60,89,Napoli,Siracusa,429
60,95,Napoli,Trapani,348.5
60,19,Napoli,Cagliari,474
60,62,Napoli,Nuoro,421.1
60,63,Napoli,Oristano,492.4
60,86,Napoli,Sassari,481
60,22,Napoli,Carbonia,523.9
8,12,Avellino,Benevento,24
8,23,Avellino,Caserta,42.3
8,85,Avellino,Salerno,25.9
8,9,Avellino,Bari,176.1
8,10,Avellino,Barletta,131.9
8,18,Avellino,Brindisi,267.2
8,36,Avellino,Foggia,87.7
8,47,Avellino,Lecce,292.4
8,91,Avellino,Taranto,213.1
8,75,Avellino,Potenza,90.7
8,55,Avellino,Matera,155.2
8,25,Avellino,Catanzaro,270.5
8,28,Avellino,Cosenza,218.6
8,30,Avellino,Crotone,284.9
8,79,Avellino,Reggio Calabria,320.2
8,105,Avellino,Vibo Valentia,272.9
8,65,Avellino,Palermo,334.5
8,1,Avellino,Agrigento,414.1
8,20,Avellino,Caltanissetta,385.9
8,24,Avellino,Catania,379.6
8,32,Avellino,Enna,375
8,56,Avellino,Messina,309.5
8,77,Avellino,Ragusa,443.4
8,89,Avellino,Siracusa,429
8,95,Avellino,Trapani,375.7
8,19,Avellino,Cagliari,517.6
8,62,Avellino,Nuoro,465.5
8,63,Avellino,Oristano,536.8
8,86,Avellino,Sassari,525
8,22,Avellino,Carbonia,567.7
12,23,Benevento,Caserta,38.3
12,85,Benevento,Salerno,49.8
12,9,Benevento,Bari,175
12,10,Benevento,Barletta,126.2
12,18,Benevento,Brindisi,271.3
12,36,Benevento,Foggia,73.6
12,47,Benevento,Lecce,298.6
12,91,Benevento,Taranto,220.2
12,75,Benevento,Potenza,101.8
12,55,Benevento,Matera,161.5
12,25,Benevento,Catanzaro,290.8
12,28,Benevento,Cosenza,238.9
12,30,Benevento,Crotone,302.7
12,79,Benevento,Reggio Calabria,343.7
12,105,Benevento,Vibo Valentia,295.1
12,65,Benevento,Palermo,356.6
12,1,Benevento,Agrigento,437.1
12,20,Benevento,Caltanissetta,409.4
12,24,Benevento,Catania,403.6
12,32,Benevento,Enna,398.7
12,56,Benevento,Messina,333.1
12,77,Benevento,Ragusa,467.4
12,89,Benevento,Siracusa,452.9
12,95,Benevento,Trapani,396
12,19,Benevento,Cagliari,525.4
12,62,Benevento,Nuoro,468.1
12,63,Benevento,Oristano,540.9
12,86,Benevento,Sassari,524.9
12,22,Benevento,Carbonia,574.9
23,85,Caserta,Salerno,56.8
23,9,Caserta,Bari,212.9
23,10,Caserta,Barletta,164.4
23,18,Caserta,Brindisi,307.5
23,36,Caserta,Foggia,110.2
23,47,Caserta,Lecce,333.6
23,91,Caserta,Taranto,254.6
23,75,Caserta,Potenza,132.9
23,55,Caserta,Matera,196.3
23,25,Caserta,Catanzaro,307.8
23,28,Caserta,Cosenza,256
23,30,Caserta,Crotone,324.9
23,79,Caserta,Reggio Calabria,348
23,105,Caserta,Vibo Valentia,306.2
23,65,Caserta,Palermo,339.1
23,1,Caserta,Agrigento,423.3
23,20,Caserta,Caltanissetta,399
23,24,Caserta,Catania,401.6
23,32,Caserta,Enna,390
23,56,Caserta,Messina,336.8
23,77,Caserta,Ragusa,462.2
23,89,Caserta,Siracusa,452
23,95,Caserta,Trapani,373
23,19,Caserta,Cagliari,488.2
23,62,Caserta,Nuoro,429.9
23,63,Caserta,Oristano,502.7
23,86,Caserta,Sassari,487
23,22,Caserta,Carbonia,537.4
85,9,Salerno,Bari,183.3
85,10,Salerno,Barletta,144.6
85,18,Salerno,Brindisi,267.8
85,36,Salerno,Foggia,108.4
85,47,Salerno,Lecce,290.3
85,91,Salerno,Taranto,210.8
85,75,Salerno,Potenza,87.6
85,55,Salerno,Matera,154.9
85,25,Salerno,Catanzaro,251
85,28,Salerno,Cosenza,199.3
85,30,Salerno,Crotone,268.7
85,79,Salerno,Reggio Calabria,295.7
85,105,Salerno,Vibo Valentia,250.6
85,65,Salerno,Palermo,309.9
85,1,Salerno,Agrigento,388.7
85,20,Salerno,Caltanissetta,360.1
85,24,Salerno,Catania,354
85,32,Salerno,Enna,349.2
85,56,Salerno,Messina,284.8
85,77,Salerno,Ragusa,417.6
85,89,Salerno,Siracusa,403.6
85,95,Salerno,Trapani,353
85,19,Salerno,Cagliari,507.8
85,62,Salerno,Nuoro,461.5
85,63,Salerno,Oristano,531.1
85,86,Salerno,Sassari,523.6
85,22,Salerno,Carbonia,558.5
9,10,Bari,Barletta,55.2
9,18,Bari,Brindisi,104.8
9,36,Bari,Foggia,117.3
9,47,Bari,Lecce,138.9
9,91,Bari,Taranto,79.1
9,75,Bari,Potenza,104.1
9,55,Bari,Matera,54.9
9,25,Bari,Catanzaro,246.6
9,28,Bari,Cosenza,208.9
9,30,Bari,Crotone,227.5
9,79,Bari,Reggio Calabria,350.3
9,105,Bari,Vibo Valentia,279.3
9,65,Bari,Palermo,449.1
9,1,Bari,Agrigento,509.5
9,20,Bari,Caltanissetta,470.1
9,24,Bari,Catania,429.8
9,32,Bari,Enna,453.6
9,56,Bari,Messina,344.1
9,77,Bari,Ragusa,501.4
9,89,Bari,Siracusa,469.7
9,95,Bari,Trapani,506.7
9,19,Bari,Cagliari,691.1
9,62,Bari,Nuoro,641.5
9,63,Bari,Oristano,712.8
9,86,Bari,Sassari,699.8
9,22,Bari,Carbonia,741.8
10,18,Barletta,Brindisi,159.8
10,36,Barletta,Foggia,62.5
10,47,Barletta,Lecce,193.1
10,91,Barletta,Taranto,125.7
10,75,Barletta,Potenza,85
10,55,Barletta,Matera,77.9
10,25,Barletta,Catanzaro,269.4
10,28,Barletta,Cosenza,224.8
10,30,Barletta,Crotone,259.4
10,79,Barletta,Reggio Calabria,360.7
10,105,Barletta,Vibo Valentia,294.3
10,65,Barletta,Palermo,434.5
10,1,Barletta,Agrigento,502.3
10,20,Barletta,Caltanissetta,466.1
10,24,Barletta,Catania,436
10,32,Barletta,Enna,451.2
10,56,Barletta,Messina,353
10,77,Barletta,Ragusa,506.3
10,89,Barletta,Siracusa,479.5
10,95,Barletta,Trapani,486.7
10,19,Barletta,Cagliari,649.5
10,62,Barletta,Nuoro,594.3
10,63,Barletta,Oristano,666.9
10,86,Barletta,Sassari,650.3
10,22,Barletta,Carbonia,699.5
18,36,Brindisi,Foggia,221.2
18,47,Brindisi,Lecce,37
18,91,Brindisi,Taranto,61.6
18,75,Brindisi,Potenza,180.3
18,55,Brindisi,Matera,112.9
18,25,Brindisi,Catanzaro,223.8
18,28,Brindisi,Cosenza,206.7
18,30,Brindisi,Crotone,186
18,79,Brindisi,Reggio Calabria,342.8
18,105,Brindisi,Vibo Valentia,268.6
18,65,Brindisi,Palermo,482.9
18,1,Brindisi,Agrigento,527.9
18,20,Brindisi,Caltanissetta,483.9
18,24,Brindisi,Catania,426.1
18,32,Brindisi,Enna,465.1
18,56,Brindisi,Messina,340
18,77,Brindisi,Ragusa,497.4
18,89,Brindisi,Siracusa,457.5
18,95,Brindisi,Trapani,548.2
18,19,Brindisi,Cagliari,767.9
18,62,Brindisi,Nuoro,728.9
18,63,Brindisi,Oristano,797.3
18,86,Brindisi,Sassari,791.2
18,22,Brindisi,Carbonia,819.5
36,47,Foggia,Lecce,253.2
36,91,Foggia,Taranto,180.9
36,75,Foggia,Potenza,94
36,55,Foggia,Matera,125.4
36,25,Foggia,Catanzaro,297.3
36,28,Foggia,Cosenza,248
36,30,Foggia,Crotone,296.9
36,79,Foggia,Reggio Calabria,372.7
36,105,Foggia,Vibo Valentia,313.4
36,65,Foggia,Palermo,416.2
36,1,Foggia,Agrigento,491.6
36,20,Foggia,Caltanissetta,459.6
36,24,Foggia,Catania,441.5
36,32,Foggia,Enna,446.7
36,56,Foggia,Messina,363.4
36,77,Foggia,Ragusa,509.2
36,89,Foggia,Siracusa,488.3
36,95,Foggia,Trapani,461.3
36,19,Foggia,Cagliari,598.3
36,62,Foggia,Nuoro,537.5
36,63,Foggia,Oristano,611.3
36,86,Foggia,Sassari,591.2
36,22,Foggia,Carbonia,647.5
47,91,Lecce,Taranto,79.6
47,75,Lecce,Potenza,202.9
47,55,Lecce,Matera,137.3
47,25,Lecce,Catanzaro,210.2
47,28,Lecce,Cosenza,201.6
47,30,Lecce,Crotone,167.3
47,79,Lecce,Reggio Calabria,330.8
47,105,Lecce,Vibo Valentia,257.5
47,65,Lecce,Palermo,483.3
47,1,Lecce,Agrigento,522.3
47,20,Lecce,Caltanissetta,477.2
47,24,Lecce,Catania,414.1
47,32,Lecce,Enna,457.8
47,56,Lecce,Messina,329.3
47,77,Lecce,Ragusa,484.4
47,89,Lecce,Siracusa,442.1
47,95,Lecce,Trapani,550.8
47,19,Lecce,Cagliari,783.3
47,62,Lecce,Nuoro,749.4
47,63,Lecce,Oristano,816.1
47,86,Lecce,Sassari,813.5
47,22,Lecce,Carbonia,835.1
91,75,Taranto,Potenza,123.3
91,55,Taranto,Matera,58.8
91,25,Taranto,Catanzaro,181.8
91,28,Taranto,Cosenza,154.9
91,30,Taranto,Crotone,154.2
91,79,Taranto,Reggio Calabria,295.6
91,105,Taranto,Vibo Valentia,221.8
91,65,Taranto,Palermo,424.2
91,1,Taranto,Agrigento,473.1
91,20,Taranto,Caltanissetta,430.2
91,24,Taranto,Catania,378.2
91,32,Taranto,Enna,412
91,56,Taranto,Messina,291.4
91,77,Taranto,Ragusa,450.1
91,89,Taranto,Siracusa,413.4
91,95,Taranto,Trapani,488.4
91,19,Taranto,Cagliari,707
91,62,Taranto,Nuoro,670.4
91,63,Taranto,Oristano,737.9
91,86,Taranto,Sassari,734.1
91,22,Taranto,Carbonia,758.7
75,55,Potenza,Matera,67.4
75,25,Potenza,Catanzaro,203.7
75,28,Potenza,Cosenza,154
75,30,Potenza,Crotone,206.9
75,79,Potenza,Reggio Calabria,281.6
75,105,Potenza,Vibo Valentia,219.9
75,65,Potenza,Palermo,350.6
75,1,Potenza,Agrigento,417.3
75,20,Potenza,Caltanissetta,381.2
75,24,Potenza,Catania,353.9
75,32,Potenza,Enna,366.5
75,56,Potenza,Messina,272.9
75,77,Potenza,Ragusa,423.4
75,89,Potenza,Siracusa,398.9
75,95,Potenza,Trapani,405.1
75,19,Potenza,Cagliari,591.1
75,62,Potenza,Nuoro,548.7
75,63,Potenza,Oristano,617.5
75,86,Potenza,Sassari,611.2
75,22,Potenza,Carbonia,642.3
55,25,Matera,Catanzaro,195.3
55,28,Matera,Cosenza,155
55,30,Matera,Crotone,181.9
55,79,Matera,Reggio Calabria,295.8
55,105,Matera,Vibo Valentia,225.4
55,65,Matera,Palermo,397.6
55,1,Matera,Agrigento,455.6
55,20,Matera,Caltanissetta,415.7
55,24,Matera,Catania,374.9
55,32,Matera,Enna,399
55,56,Matera,Messina,289.4
55,77,Matera,Ragusa,446.5
55,89,Matera,Siracusa,415.3
55,95,Matera,Trapani,457.2
55,19,Matera,Cagliari,657.5
55,62,Matera,Nuoro,616.2
55,63,Matera,Oristano,684.9
55,86,Matera,Sassari,678.3
55,22,Matera,Carbonia,708.9
25,28,Catanzaro,Cosenza,51.9
25,30,Catanzaro,Crotone,50.3
25,79,Catanzaro,Reggio Calabria,120.7
25,105,Catanzaro,Vibo Valentia,49.5
25,65,Catanzaro,Palermo,294.2
25,1,Catanzaro,Agrigento,317.8
25,20,Catanzaro,Caltanissetta,271.3
25,24,Catanzaro,Catania,203.9
25,32,Catanzaro,Enna,251.2
25,56,Catanzaro,Messina,120.1
25,77,Catanzaro,Ragusa,274.4
25,89,Catanzaro,Siracusa,233.7
25,95,Catanzaro,Trapani,366.4
25,19,Catanzaro,Cagliari,645.3
25,62,Catanzaro,Nuoro,641
25,63,Catanzaro,Oristano,695.9
25,86,Catanzaro,Sassari,714.8
25,22,Catanzaro,Carbonia,697
28,30,Cosenza,Crotone,79.1
28,79,Cosenza,Reggio Calabria,142.1
28,105,Cosenza,Vibo Valentia,70.4
28,65,Cosenza,Palermo,283.3
28,1,Cosenza,Agrigento,321.5
28,20,Cosenza,Caltanissetta,277.3
28,24,Cosenza,Catania,223.7
28,32,Cosenza,Enna,258.5
28,56,Cosenza,Messina,137
28,77,Cosenza,Ragusa,295.6
28,89,Cosenza,Siracusa,261.2
28,95,Cosenza,Trapani,352.8
28,19,Cosenza,Cagliari,613.9
28,62,Cosenza,Nuoro,602.1
28,63,Cosenza,Oristano,660
28,86,Cosenza,Sassari,674.3
28,22,Cosenza,Carbonia,665.9
30,79,Crotone,Reggio Calabria,167.8
30,105,Crotone,Vibo Valentia,99.5
30,65,Crotone,Palermo,344.4
30,1,Crotone,Agrigento,367.4
30,20,Crotone,Caltanissetta,320.6
30,24,Crotone,Catania,249.8
30,32,Crotone,Enna,300.4
30,56,Crotone,Messina,168.5
30,77,Crotone,Ragusa,318.8
30,89,Crotone,Siracusa,275.1
30,95,Crotone,Trapani,416.3
30,19,Crotone,Cagliari,690.3
30,62,Crotone,Nuoro,680.9
30,63,Crotone,Oristano,738.1
30,86,Crotone,Sassari,753.3
30,22,Crotone,Carbonia,742.1
79,105,Reggio Calabria,Vibo Valentia,74.3
79,65,Reggio Calabria,Palermo,200
79,1,Reggio Calabria,Agrigento,202.7
79,20,Reggio Calabria,Caltanissetta,155.4
79,24,Reggio Calabria,Catania,83.4
79,32,Reggio Calabria,Enna,134.9
79,56,Reggio Calabria,Messina,12.3
79,77,Reggio Calabria,Ragusa,154.8
79,89,Reggio Calabria,Siracusa,119.5
79,95,Reggio Calabria,Trapani,272.6
79,19,Reggio Calabria,Cagliari,579.8
79,62,Reggio Calabria,Nuoro,596.9
79,63,Reggio Calabria,Oristano,641.5
79,86,Reggio Calabria,Sassari,674.7
79,22,Reggio Calabria,Carbonia,629.7
105,65,Vibo Valentia,Palermo,246.8
105,1,Vibo Valentia,Agrigento,268.3
105,20,Vibo Valentia,Caltanissetta,221.9
105,24,Vibo Valentia,Catania,157.5
105,32,Vibo Valentia,Enna,201.9
105,56,Vibo Valentia,Messina,71.8
105,77,Vibo Valentia,Ragusa,229
105,89,Vibo Valentia,Siracusa,191.8
105,95,Vibo Valentia,Trapani,319.4
105,19,Vibo Valentia,Cagliari,606.5
105,62,Vibo Valentia,Nuoro,608.9
105,63,Vibo Valentia,Oristano,660.7
105,86,Vibo Valentia,Sassari,684.3
105,22,Vibo Valentia,Carbonia,657.8
65,1,Palermo,Agrigento,91.4
65,20,Palermo,Caltanissetta,92.9
65,24,Palermo,Catania,165.6
65,32,Palermo,Enna,100.9
65,56,Palermo,Messina,191.9
65,77,Palermo,Ragusa,178.7
65,89,Palermo,Siracusa,205.3
65,95,Palermo,Trapani,73.1
65,19,Palermo,Cagliari,388.1
65,62,Palermo,Nuoro,425
65,63,Palermo,Oristano,457.9
65,86,Palermo,Sassari,504.5
65,22,Palermo,Carbonia,436.2
1,20,Agrigento,Caltanissetta,47.4
1,24,Agrigento,Catania,134.8
1,32,Agrigento,Enna,67.9
1,56,Agrigento,Messina,199.6
1,77,Agrigento,Ragusa,110.5
1,89,Agrigento,Siracusa,153.7
1,95,Agrigento,Trapani,120.6
1,19,Agrigento,Cagliari,443.2
1,62,Agrigento,Nuoro,497.2
1,63,Agrigento,Oristano,520.6
1,86,Agrigento,Sassari,576.3
1,22,Agrigento,Carbonia,487.2
20,24,Caltanissetta,Catania,90
20,32,Caltanissetta,Enna,20.5
20,56,Caltanissetta,Messina,152.5
20,77,Caltanissetta,Ragusa,85.8
20,89,Caltanissetta,Siracusa,117.7
20,95,Caltanissetta,Trapani,146.5
20,19,Caltanissetta,Cagliari,471.9
20,62,Caltanissetta,Nuoro,516.3
20,63,Caltanissetta,Oristano,545.6
20,86,Caltanissetta,Sassari,595.8
20,22,Caltanissetta,Carbonia,517.9
24,32,Catania,Enna,71.5
24,56,Catania,Messina,86.8
24,77,Catania,Ragusa,71.9
24,89,Catania,Siracusa,51.3
24,95,Catania,Trapani,230.9
24,19,Catania,Cagliari,553.5
24,62,Catania,Nuoro,587.6
24,63,Catania,Oristano,623.2
24,86,Catania,Sassari,666.9
24,22,Catania,Carbonia,601.1
32,56,Enna,Messina,132.2
32,77,Enna,Ragusa,81.4
32,89,Enna,Siracusa,104.7
32,95,Enna,Trapani,160.9
32,19,Enna,Cagliari,485.4
32,62,Enna,Nuoro,525.9
32,63,Enna,Oristano,557.6
32,86,Enna,Sassari,605.4
32,22,Enna,Carbonia,532.1
56,77,Messina,Ragusa,158.7
56,89,Messina,Siracusa,126.6
56,95,Messina,Trapani,264.8
56,19,Messina,Cagliari,569.6
56,62,Messina,Nuoro,585.5
56,63,Messina,Oristano,630.7
56,86,Messina,Sassari,663.2
56,22,Messina,Carbonia,619.7
77,89,Ragusa,Siracusa,52.5
77,95,Ragusa,Trapani,228.1
77,19,Ragusa,Cagliari,552.9
77,62,Ragusa,Nuoro,601.5
77,63,Ragusa,Oristano,628.8
77,86,Ragusa,Sassari,680.9
77,22,Ragusa,Carbonia,597.4
89,95,Siracusa,Trapani,264.1
89,19,Siracusa,Cagliari,589.5
89,62,Siracusa,Nuoro,630.1
89,63,Siracusa,Oristano,662.2
89,86,Siracusa,Sassari,709.6
89,22,Siracusa,Carbonia,635.6
95,19,Trapani,Cagliari,325.5
95,62,Trapani,Nuoro,376.7
95,63,Trapani,Oristano,400.7
95,86,Trapani,Sassari,455.7
95,22,Trapani,Carbonia,371.5
19,62,Cagliari,Nuoro,123.2
19,63,Cagliari,Oristano,88.6
19,86,Cagliari,Sassari,173.8
19,22,Cagliari,Carbonia,52
62,63,Nuoro,Oristano,78.1
62,86,Nuoro,Sassari,79.5
62,22,Nuoro,Carbonia,145.6
63,86,Oristano,Sassari,91.2
63,22,Oristano,Carbonia,82.4
86,22,Sassari,Carbonia,173.4
